location,date,vaccine,source_url,total_vaccinations,people_vaccinated,people_fully_vaccinated,total_boosters
United States,2020-12-13,Pfizer/BioNTech,https://data.cdc.gov/Vaccinations/COVID-19-Vaccination-Trends-in-the-United-States-N/rh2h-3yt2,28044,23435,5316,0
United States,2020-12-14,Pfizer/BioNTech,https://data.cdc.gov/Vaccinations/COVID-19-Vaccination-Trends-in-the-United-States-N/rh2h-3yt2,32578,27812,5429,0
United States,2020-12-15,Pfizer/BioNTech,https://data.cdc.gov/Vaccinations/COVID-19-Vaccination-Trends-in-the-United-States-N/rh2h-3yt2,82206,75115,5687,0
United States,2020-12-16,Pfizer/BioNTech,https://data.cdc.gov/Vaccinations/COVID-19-Vaccination-Trends-in-the-United-States-N/rh2h-3yt2,241861,229387,6148,0
United States,2020-12-17,Pfizer/BioNTech,https://data.cdc.gov/Vaccinations/COVID-19-Vaccination-Trends-in-the-United-States-N/rh2h-3yt2,514110,494540,6877,0
United States,2020-12-18,Pfizer/BioNTech,https://data.cdc.gov/Vaccinations/COVID-19-Vaccination-Trends-in-the-United-States-N/rh2h-3yt2,929910,901821,8063,0
United States,2020-12-19,Pfizer/BioNTech,https://data.cdc.gov/Vaccinations/COVID-19-Vaccination-Trends-in-the-United-States-N/rh2h-3yt2,1111553,1079562,9100,0
United States,2020-12-20,Pfizer/BioNTech,https://data.cdc.gov/Vaccinations/COVID-19-Vaccination-Trends-in-the-United-States-N/rh2h-3yt2,1216582,1182695,9784,0
United States,2020-12-21,Pfizer/BioNTech,https://data.cdc.gov/Vaccinations/COVID-19-Vaccination-Trends-in-the-United-States-N/rh2h-3yt2,1597975,1557615,11249,0
United States,2020-12-22,Pfizer/BioNTech,https://data.cdc.gov/Vaccinations/COVID-19-Vaccination-Trends-in-the-United-States-N/rh2h-3yt2,2045135,1996347,14088,0
United States,2020-12-23,"Moderna, Pfizer/BioNTech",https://data.cdc.gov/Vaccinations/COVID-19-Vaccination-Trends-in-the-United-States-N/rh2h-3yt2,2619552,2558377,16961,0
United States,2020-12-24,"Moderna, Pfizer/BioNTech",https://data.cdc.gov/Vaccinations/COVID-19-Vaccination-Trends-in-the-United-States-N/rh2h-3yt2,2815257,2749084,18046,0
United States,2020-12-25,"Moderna, Pfizer/BioNTech",https://data.cdc.gov/Vaccinations/COVID-19-Vaccination-Trends-in-the-United-States-N/rh2h-3yt2,2827886,2761563,18147,0
United States,2020-12-26,"Moderna, Pfizer/BioNTech",https://data.cdc.gov/Vaccinations/COVID-19-Vaccination-Trends-in-the-United-States-N/rh2h-3yt2,2969669,2899420,19100,0
United States,2020-12-27,"Moderna, Pfizer/BioNTech",https://data.cdc.gov/Vaccinations/COVID-19-Vaccination-Trends-in-the-United-States-N/rh2h-3yt2,3066271,2992765,19812,0
United States,2020-12-28,"Moderna, Pfizer/BioNTech",https://data.cdc.gov/Vaccinations/COVID-19-Vaccination-Trends-in-the-United-States-N/rh2h-3yt2,3656513,3568726,23872,0
United States,2020-12-29,"Moderna, Pfizer/BioNTech",https://data.cdc.gov/Vaccinations/COVID-19-Vaccination-Trends-in-the-United-States-N/rh2h-3yt2,4377571,4270884,29034,0
United States,2020-12-30,"Moderna, Pfizer/BioNTech",https://data.cdc.gov/Vaccinations/COVID-19-Vaccination-Trends-in-the-United-States-N/rh2h-3yt2,5219756,5093409,36692,0
United States,2020-12-31,"Moderna, Pfizer/BioNTech",https://data.cdc.gov/Vaccinations/COVID-19-Vaccination-Trends-in-the-United-States-N/rh2h-3yt2,5639244,5503194,39773,0
United States,2021-01-01,"Moderna, Pfizer/BioNTech",https://data.cdc.gov/Vaccinations/COVID-19-Vaccination-Trends-in-the-United-States-N/rh2h-3yt2,5737224,5592429,46206,0
United States,2021-01-02,"Moderna, Pfizer/BioNTech",https://data.cdc.gov/Vaccinations/COVID-19-Vaccination-Trends-in-the-United-States-N/rh2h-3yt2,6001141,5847568,49007,0
United States,2021-01-03,"Moderna, Pfizer/BioNTech",https://data.cdc.gov/Vaccinations/COVID-19-Vaccination-Trends-in-the-United-States-N/rh2h-3yt2,6139673,5979148,51430,0
United States,2021-01-04,"Moderna, Pfizer/BioNTech",https://data.cdc.gov/Vaccinations/COVID-19-Vaccination-Trends-in-the-United-States-N/rh2h-3yt2,6795948,6576389,97029,0
United States,2021-01-05,"Moderna, Pfizer/BioNTech",https://data.cdc.gov/Vaccinations/COVID-19-Vaccination-Trends-in-the-United-States-N/rh2h-3yt2,7626116,7304892,185197,0
United States,2021-01-06,"Moderna, Pfizer/BioNTech",https://data.cdc.gov/Vaccinations/COVID-19-Vaccination-Trends-in-the-United-States-N/rh2h-3yt2,8645835,8134555,357056,0
United States,2021-01-07,"Moderna, Pfizer/BioNTech",https://data.cdc.gov/Vaccinations/COVID-19-Vaccination-Trends-in-the-United-States-N/rh2h-3yt2,9814504,9000057,637120,0
United States,2021-01-08,"Moderna, Pfizer/BioNTech",https://data.cdc.gov/Vaccinations/COVID-19-Vaccination-Trends-in-the-United-States-N/rh2h-3yt2,11049492,9846696,999579,0
United States,2021-01-09,"Moderna, Pfizer/BioNTech",https://data.cdc.gov/Vaccinations/COVID-19-Vaccination-Trends-in-the-United-States-N/rh2h-3yt2,11557880,10216805,1127817,0
United States,2021-01-10,"Moderna, Pfizer/BioNTech",https://data.cdc.gov/Vaccinations/COVID-19-Vaccination-Trends-in-the-United-States-N/rh2h-3yt2,11808609,10392903,1197192,0
United States,2021-01-11,"Moderna, Pfizer/BioNTech",https://data.cdc.gov/Vaccinations/COVID-19-Vaccination-Trends-in-the-United-States-N/rh2h-3yt2,12877932,11115746,1519133,0
United States,2021-01-12,"Moderna, Pfizer/BioNTech",https://data.cdc.gov/Vaccinations/COVID-19-Vaccination-Trends-in-the-United-States-N/rh2h-3yt2,14134861,12031613,1832936,0
United States,2021-01-13,"Moderna, Pfizer/BioNTech",https://data.cdc.gov/Vaccinations/COVID-19-Vaccination-Trends-in-the-United-States-N/rh2h-3yt2,15456954,13060020,2102817,0
United States,2021-01-14,"Moderna, Pfizer/BioNTech",https://data.cdc.gov/Vaccinations/COVID-19-Vaccination-Trends-in-the-United-States-N/rh2h-3yt2,16771674,14215588,2238182,0
United States,2021-01-15,"Moderna, Pfizer/BioNTech",https://data.cdc.gov/Vaccinations/COVID-19-Vaccination-Trends-in-the-United-States-N/rh2h-3yt2,18026797,15330882,2358390,0
United States,2021-01-16,"Moderna, Pfizer/BioNTech",https://data.cdc.gov/Vaccinations/COVID-19-Vaccination-Trends-in-the-United-States-N/rh2h-3yt2,18675247,15896385,2430142,0
United States,2021-01-17,"Moderna, Pfizer/BioNTech",https://data.cdc.gov/Vaccinations/COVID-19-Vaccination-Trends-in-the-United-States-N/rh2h-3yt2,18979808,16151635,2472120,0
United States,2021-01-18,"Moderna, Pfizer/BioNTech",https://data.cdc.gov/Vaccinations/COVID-19-Vaccination-Trends-in-the-United-States-N/rh2h-3yt2,19863283,16789240,2698220,0
United States,2021-01-19,"Moderna, Pfizer/BioNTech",https://data.cdc.gov/Vaccinations/COVID-19-Vaccination-Trends-in-the-United-States-N/rh2h-3yt2,21207898,17753414,3052092,0
United States,2021-01-20,"Moderna, Pfizer/BioNTech",https://data.cdc.gov/Vaccinations/COVID-19-Vaccination-Trends-in-the-United-States-N/rh2h-3yt2,22808169,18905834,3470066,0
United States,2021-01-21,"Moderna, Pfizer/BioNTech",https://data.cdc.gov/Vaccinations/COVID-19-Vaccination-Trends-in-the-United-States-N/rh2h-3yt2,24436612,20234000,3743004,0
United States,2021-01-22,"Moderna, Pfizer/BioNTech",https://data.cdc.gov/Vaccinations/COVID-19-Vaccination-Trends-in-the-United-States-N/rh2h-3yt2,26062364,21625259,3951386,0
United States,2021-01-23,"Moderna, Pfizer/BioNTech",https://data.cdc.gov/Vaccinations/COVID-19-Vaccination-Trends-in-the-United-States-N/rh2h-3yt2,26968335,22367292,4100820,0
United States,2021-01-24,"Moderna, Pfizer/BioNTech",https://data.cdc.gov/Vaccinations/COVID-19-Vaccination-Trends-in-the-United-States-N/rh2h-3yt2,27362805,22666572,4188226,0
United States,2021-01-25,"Moderna, Pfizer/BioNTech",https://data.cdc.gov/Vaccinations/COVID-19-Vaccination-Trends-in-the-United-States-N/rh2h-3yt2,28734038,23525386,4673618,0
United States,2021-01-26,"Moderna, Pfizer/BioNTech",https://data.cdc.gov/Vaccinations/COVID-19-Vaccination-Trends-in-the-United-States-N/rh2h-3yt2,30393472,24576749,5250990,0
United States,2021-01-27,"Moderna, Pfizer/BioNTech",https://data.cdc.gov/Vaccinations/COVID-19-Vaccination-Trends-in-the-United-States-N/rh2h-3yt2,32322226,25825183,5893938,0
United States,2021-01-28,"Moderna, Pfizer/BioNTech",https://data.cdc.gov/Vaccinations/COVID-19-Vaccination-Trends-in-the-United-States-N/rh2h-3yt2,34281052,27193013,6446497,0
United States,2021-01-29,"Moderna, Pfizer/BioNTech",https://data.cdc.gov/Vaccinations/COVID-19-Vaccination-Trends-in-the-United-States-N/rh2h-3yt2,36192797,28563697,6938110,0
United States,2021-01-30,"Moderna, Pfizer/BioNTech",https://data.cdc.gov/Vaccinations/COVID-19-Vaccination-Trends-in-the-United-States-N/rh2h-3yt2,37209669,29321040,7179264,0
United States,2021-01-31,"Moderna, Pfizer/BioNTech",https://data.cdc.gov/Vaccinations/COVID-19-Vaccination-Trends-in-the-United-States-N/rh2h-3yt2,37667860,29642007,7305148,0
United States,2021-02-01,"Moderna, Pfizer/BioNTech",https://data.cdc.gov/Vaccinations/COVID-19-Vaccination-Trends-in-the-United-States-N/rh2h-3yt2,39045932,30408113,7872800,0
United States,2021-02-02,"Moderna, Pfizer/BioNTech",https://data.cdc.gov/Vaccinations/COVID-19-Vaccination-Trends-in-the-United-States-N/rh2h-3yt2,40739127,31368796,8566637,0
United States,2021-02-03,"Moderna, Pfizer/BioNTech",https://data.cdc.gov/Vaccinations/COVID-19-Vaccination-Trends-in-the-United-States-N/rh2h-3yt2,42874002,32626279,9395013,0
United States,2021-02-04,"Moderna, Pfizer/BioNTech",https://data.cdc.gov/Vaccinations/COVID-19-Vaccination-Trends-in-the-United-States-N/rh2h-3yt2,45216523,34012768,10302399,0
United States,2021-02-05,"Moderna, Pfizer/BioNTech",https://data.cdc.gov/Vaccinations/COVID-19-Vaccination-Trends-in-the-United-States-N/rh2h-3yt2,47568448,35365539,11256371,0
United States,2021-02-06,"Moderna, Pfizer/BioNTech",https://data.cdc.gov/Vaccinations/COVID-19-Vaccination-Trends-in-the-United-States-N/rh2h-3yt2,48866759,36215881,11675845,0
United States,2021-02-07,"Moderna, Pfizer/BioNTech",https://data.cdc.gov/Vaccinations/COVID-19-Vaccination-Trends-in-the-United-States-N/rh2h-3yt2,49310139,36492213,11831536,0
United States,2021-02-08,"Moderna, Pfizer/BioNTech",https://data.cdc.gov/Vaccinations/COVID-19-Vaccination-Trends-in-the-United-States-N/rh2h-3yt2,50886219,37327527,12532657,0
United States,2021-02-09,"Moderna, Pfizer/BioNTech",https://data.cdc.gov/Vaccinations/COVID-19-Vaccination-Trends-in-the-United-States-N/rh2h-3yt2,52857357,38363153,13421357,0
United States,2021-02-10,"Moderna, Pfizer/BioNTech",https://data.cdc.gov/Vaccinations/COVID-19-Vaccination-Trends-in-the-United-States-N/rh2h-3yt2,55157931,39589933,14450342,0
United States,2021-02-11,"Moderna, Pfizer/BioNTech",https://data.cdc.gov/Vaccinations/COVID-19-Vaccination-Trends-in-the-United-States-N/rh2h-3yt2,57560563,40864494,15533772,0
United States,2021-02-12,"Moderna, Pfizer/BioNTech",https://data.cdc.gov/Vaccinations/COVID-19-Vaccination-Trends-in-the-United-States-N/rh2h-3yt2,60141792,42241095,16686801,0
United States,2021-02-13,"Moderna, Pfizer/BioNTech",https://data.cdc.gov/Vaccinations/COVID-19-Vaccination-Trends-in-the-United-States-N/rh2h-3yt2,61613128,43108659,17255727,0
United States,2021-02-14,"Moderna, Pfizer/BioNTech",https://data.cdc.gov/Vaccinations/COVID-19-Vaccination-Trends-in-the-United-States-N/rh2h-3yt2,62204302,43454421,17483904,0
United States,2021-02-15,"Moderna, Pfizer/BioNTech",https://data.cdc.gov/Vaccinations/COVID-19-Vaccination-Trends-in-the-United-States-N/rh2h-3yt2,63380398,44063352,18017351,0
United States,2021-02-16,"Moderna, Pfizer/BioNTech",https://data.cdc.gov/Vaccinations/COVID-19-Vaccination-Trends-in-the-United-States-N/rh2h-3yt2,64999432,44859036,18800554,0
United States,2021-02-17,"Moderna, Pfizer/BioNTech",https://data.cdc.gov/Vaccinations/COVID-19-Vaccination-Trends-in-the-United-States-N/rh2h-3yt2,66961777,45791189,19786636,0
United States,2021-02-18,"Moderna, Pfizer/BioNTech",https://data.cdc.gov/Vaccinations/COVID-19-Vaccination-Trends-in-the-United-States-N/rh2h-3yt2,68816312,46623905,20756632,0
United States,2021-02-19,"Moderna, Pfizer/BioNTech",https://data.cdc.gov/Vaccinations/COVID-19-Vaccination-Trends-in-the-United-States-N/rh2h-3yt2,70781100,47446844,21847158,0
United States,2021-02-20,"Moderna, Pfizer/BioNTech",https://data.cdc.gov/Vaccinations/COVID-19-Vaccination-Trends-in-the-United-States-N/rh2h-3yt2,72085049,48043126,22523978,0
United States,2021-02-21,"Moderna, Pfizer/BioNTech",https://data.cdc.gov/Vaccinations/COVID-19-Vaccination-Trends-in-the-United-States-N/rh2h-3yt2,72679147,48297123,22845030,0
United States,2021-02-22,"Moderna, Pfizer/BioNTech",https://data.cdc.gov/Vaccinations/COVID-19-Vaccination-Trends-in-the-United-States-N/rh2h-3yt2,74138201,48913216,23642923,0
United States,2021-02-23,"Moderna, Pfizer/BioNTech",https://data.cdc.gov/Vaccinations/COVID-19-Vaccination-Trends-in-the-United-States-N/rh2h-3yt2,76072507,49778468,24663438,0
United States,2021-02-24,"Moderna, Pfizer/BioNTech",https://data.cdc.gov/Vaccinations/COVID-19-Vaccination-Trends-in-the-United-States-N/rh2h-3yt2,78595470,51021713,25890734,0
United States,2021-02-25,"Moderna, Pfizer/BioNTech",https://data.cdc.gov/Vaccinations/COVID-19-Vaccination-Trends-in-the-United-States-N/rh2h-3yt2,81529389,52557171,27224405,0
United States,2021-02-26,"Moderna, Pfizer/BioNTech",https://data.cdc.gov/Vaccinations/COVID-19-Vaccination-Trends-in-the-United-States-N/rh2h-3yt2,84639418,54228376,28598066,0
United States,2021-02-27,"Moderna, Pfizer/BioNTech",https://data.cdc.gov/Vaccinations/COVID-19-Vaccination-Trends-in-the-United-States-N/rh2h-3yt2,86631951,55368080,29411762,0
United States,2021-02-28,"Moderna, Pfizer/BioNTech",https://data.cdc.gov/Vaccinations/COVID-19-Vaccination-Trends-in-the-United-States-N/rh2h-3yt2,87485674,55902100,29705509,0
United States,2021-03-01,"Moderna, Pfizer/BioNTech",https://data.cdc.gov/Vaccinations/COVID-19-Vaccination-Trends-in-the-United-States-N/rh2h-3yt2,89526359,57094760,30494183,0
United States,2021-03-02,"Moderna, Pfizer/BioNTech",https://data.cdc.gov/Vaccinations/COVID-19-Vaccination-Trends-in-the-United-States-N/rh2h-3yt2,91985760,58555810,31448651,0
United States,2021-03-03,"Moderna, Pfizer/BioNTech",https://data.cdc.gov/Vaccinations/COVID-19-Vaccination-Trends-in-the-United-States-N/rh2h-3yt2,94883629,60295098,32565392,0
United States,2021-03-04,"Moderna, Pfizer/BioNTech",https://data.cdc.gov/Vaccinations/COVID-19-Vaccination-Trends-in-the-United-States-N/rh2h-3yt2,98083077,62249461,33803096,0
United States,2021-03-05,"Johnson&Johnson, Moderna, Pfizer/BioNTech",https://data.cdc.gov/Vaccinations/COVID-19-Vaccination-Trends-in-the-United-States-N/rh2h-3yt2,101308005,64251338,35101592,0
United States,2021-03-06,"Johnson&Johnson, Moderna, Pfizer/BioNTech",https://data.cdc.gov/Vaccinations/COVID-19-Vaccination-Trends-in-the-United-States-N/rh2h-3yt2,103363737,65600339,35961412,0
United States,2021-03-07,"Johnson&Johnson, Moderna, Pfizer/BioNTech",https://data.cdc.gov/Vaccinations/COVID-19-Vaccination-Trends-in-the-United-States-N/rh2h-3yt2,104286951,66277026,36303283,0
United States,2021-03-08,"Johnson&Johnson, Moderna, Pfizer/BioNTech",https://data.cdc.gov/Vaccinations/COVID-19-Vaccination-Trends-in-the-United-States-N/rh2h-3yt2,106448170,67757593,37151058,0
United States,2021-03-09,"Johnson&Johnson, Moderna, Pfizer/BioNTech",https://data.cdc.gov/Vaccinations/COVID-19-Vaccination-Trends-in-the-United-States-N/rh2h-3yt2,109151396,69564474,38227185,0
United States,2021-03-10,"Johnson&Johnson, Moderna, Pfizer/BioNTech",https://data.cdc.gov/Vaccinations/COVID-19-Vaccination-Trends-in-the-United-States-N/rh2h-3yt2,112270647,71624554,39490280,0
United States,2021-03-11,"Johnson&Johnson, Moderna, Pfizer/BioNTech",https://data.cdc.gov/Vaccinations/COVID-19-Vaccination-Trends-in-the-United-States-N/rh2h-3yt2,115704923,73898703,40883533,0
United States,2021-03-12,"Johnson&Johnson, Moderna, Pfizer/BioNTech",https://data.cdc.gov/Vaccinations/COVID-19-Vaccination-Trends-in-the-United-States-N/rh2h-3yt2,119127724,76013628,42404652,0
United States,2021-03-13,"Johnson&Johnson, Moderna, Pfizer/BioNTech",https://data.cdc.gov/Vaccinations/COVID-19-Vaccination-Trends-in-the-United-States-N/rh2h-3yt2,121314731,77396719,43419176,0
United States,2021-03-14,"Johnson&Johnson, Moderna, Pfizer/BioNTech",https://data.cdc.gov/Vaccinations/COVID-19-Vaccination-Trends-in-the-United-States-N/rh2h-3yt2,122297209,78044098,43844588,0
United States,2021-03-15,"Johnson&Johnson, Moderna, Pfizer/BioNTech",https://data.cdc.gov/Vaccinations/COVID-19-Vaccination-Trends-in-the-United-States-N/rh2h-3yt2,124575187,79539757,44709538,0
United States,2021-03-16,"Johnson&Johnson, Moderna, Pfizer/BioNTech",https://data.cdc.gov/Vaccinations/COVID-19-Vaccination-Trends-in-the-United-States-N/rh2h-3yt2,127459386,81468114,45753772,0
United States,2021-03-17,"Johnson&Johnson, Moderna, Pfizer/BioNTech",https://data.cdc.gov/Vaccinations/COVID-19-Vaccination-Trends-in-the-United-States-N/rh2h-3yt2,130623709,83593759,46878920,0
United States,2021-03-18,"Johnson&Johnson, Moderna, Pfizer/BioNTech",https://data.cdc.gov/Vaccinations/COVID-19-Vaccination-Trends-in-the-United-States-N/rh2h-3yt2,134022184,85887178,48076881,0
United States,2021-03-19,"Johnson&Johnson, Moderna, Pfizer/BioNTech",https://data.cdc.gov/Vaccinations/COVID-19-Vaccination-Trends-in-the-United-States-N/rh2h-3yt2,137356897,88099213,49293972,0
United States,2021-03-20,"Johnson&Johnson, Moderna, Pfizer/BioNTech",https://data.cdc.gov/Vaccinations/COVID-19-Vaccination-Trends-in-the-United-States-N/rh2h-3yt2,139508766,89507891,50151098,0
United States,2021-03-21,"Johnson&Johnson, Moderna, Pfizer/BioNTech",https://data.cdc.gov/Vaccinations/COVID-19-Vaccination-Trends-in-the-United-States-N/rh2h-3yt2,140526246,90190029,50521005,0
United States,2021-03-22,"Johnson&Johnson, Moderna, Pfizer/BioNTech",https://data.cdc.gov/Vaccinations/COVID-19-Vaccination-Trends-in-the-United-States-N/rh2h-3yt2,142887346,91792749,51323730,0
United States,2021-03-23,"Johnson&Johnson, Moderna, Pfizer/BioNTech",https://data.cdc.gov/Vaccinations/COVID-19-Vaccination-Trends-in-the-United-States-N/rh2h-3yt2,145948859,93773845,52470559,0
United States,2021-03-24,"Johnson&Johnson, Moderna, Pfizer/BioNTech",https://data.cdc.gov/Vaccinations/COVID-19-Vaccination-Trends-in-the-United-States-N/rh2h-3yt2,149501588,95980179,53886985,0
United States,2021-03-25,"Johnson&Johnson, Moderna, Pfizer/BioNTech",https://data.cdc.gov/Vaccinations/COVID-19-Vaccination-Trends-in-the-United-States-N/rh2h-3yt2,153333053,98244901,55527677,0
United States,2021-03-26,"Johnson&Johnson, Moderna, Pfizer/BioNTech",https://data.cdc.gov/Vaccinations/COVID-19-Vaccination-Trends-in-the-United-States-N/rh2h-3yt2,157159175,100347801,57320912,0
United States,2021-03-27,"Johnson&Johnson, Moderna, Pfizer/BioNTech",https://data.cdc.gov/Vaccinations/COVID-19-Vaccination-Trends-in-the-United-States-N/rh2h-3yt2,159627966,101716730,58481382,0
United States,2021-03-28,"Johnson&Johnson, Moderna, Pfizer/BioNTech",https://data.cdc.gov/Vaccinations/COVID-19-Vaccination-Trends-in-the-United-States-N/rh2h-3yt2,160836397,102387521,59030382,0
United States,2021-03-29,"Johnson&Johnson, Moderna, Pfizer/BioNTech",https://data.cdc.gov/Vaccinations/COVID-19-Vaccination-Trends-in-the-United-States-N/rh2h-3yt2,163671214,103994287,60299747,0
United States,2021-03-30,"Johnson&Johnson, Moderna, Pfizer/BioNTech",https://data.cdc.gov/Vaccinations/COVID-19-Vaccination-Trends-in-the-United-States-N/rh2h-3yt2,167259431,106005397,61953702,0
United States,2021-03-31,"Johnson&Johnson, Moderna, Pfizer/BioNTech",https://data.cdc.gov/Vaccinations/COVID-19-Vaccination-Trends-in-the-United-States-N/rh2h-3yt2,171425775,108415508,63886184,0
United States,2021-04-01,"Johnson&Johnson, Moderna, Pfizer/BioNTech",https://data.cdc.gov/Vaccinations/COVID-19-Vaccination-Trends-in-the-United-States-N/rh2h-3yt2,175967800,110939315,66117155,0
United States,2021-04-02,"Johnson&Johnson, Moderna, Pfizer/BioNTech",https://data.cdc.gov/Vaccinations/COVID-19-Vaccination-Trends-in-the-United-States-N/rh2h-3yt2,179618432,112994875,67925905,0
United States,2021-04-03,"Johnson&Johnson, Moderna, Pfizer/BioNTech",https://data.cdc.gov/Vaccinations/COVID-19-Vaccination-Trends-in-the-United-States-N/rh2h-3yt2,181915769,114317201,69080629,0
United States,2021-04-04,"Johnson&Johnson, Moderna, Pfizer/BioNTech",https://data.cdc.gov/Vaccinations/COVID-19-Vaccination-Trends-in-the-United-States-N/rh2h-3yt2,182677798,114754297,69450858,0
United States,2021-04-05,"Johnson&Johnson, Moderna, Pfizer/BioNTech",https://data.cdc.gov/Vaccinations/COVID-19-Vaccination-Trends-in-the-United-States-N/rh2h-3yt2,185778025,116486560,71045357,0
United States,2021-04-06,"Johnson&Johnson, Moderna, Pfizer/BioNTech",https://data.cdc.gov/Vaccinations/COVID-19-Vaccination-Trends-in-the-United-States-N/rh2h-3yt2,189750703,118772903,73115283,0
United States,2021-04-07,"Johnson&Johnson, Moderna, Pfizer/BioNTech",https://data.cdc.gov/Vaccinations/COVID-19-Vaccination-Trends-in-the-United-States-N/rh2h-3yt2,194099817,121330429,75410048,0
United States,2021-04-08,"Johnson&Johnson, Moderna, Pfizer/BioNTech",https://data.cdc.gov/Vaccinations/COVID-19-Vaccination-Trends-in-the-United-States-N/rh2h-3yt2,198591581,123892499,77913870,0
United States,2021-04-09,"Johnson&Johnson, Moderna, Pfizer/BioNTech",https://data.cdc.gov/Vaccinations/COVID-19-Vaccination-Trends-in-the-United-States-N/rh2h-3yt2,202901255,126327361,80337620,0
United States,2021-04-10,"Johnson&Johnson, Moderna, Pfizer/BioNTech",https://data.cdc.gov/Vaccinations/COVID-19-Vaccination-Trends-in-the-United-States-N/rh2h-3yt2,205779292,128048756,81984891,0
United States,2021-04-11,"Johnson&Johnson, Moderna, Pfizer/BioNTech",https://data.cdc.gov/Vaccinations/COVID-19-Vaccination-Trends-in-the-United-States-N/rh2h-3yt2,207176522,128880422,82783057,0
United States,2021-04-12,"Johnson&Johnson, Moderna, Pfizer/BioNTech",https://data.cdc.gov/Vaccinations/COVID-19-Vaccination-Trends-in-the-United-States-N/rh2h-3yt2,210185074,130508096,84498926,0
United States,2021-04-13,"Johnson&Johnson, Moderna, Pfizer/BioNTech",https://data.cdc.gov/Vaccinations/COVID-19-Vaccination-Trends-in-the-United-States-N/rh2h-3yt2,213653287,132244793,86209566,0
United States,2021-04-14,"Johnson&Johnson, Moderna, Pfizer/BioNTech",https://data.cdc.gov/Vaccinations/COVID-19-Vaccination-Trends-in-the-United-States-N/rh2h-3yt2,217333787,133969266,88128802,0
United States,2021-04-15,"Johnson&Johnson, Moderna, Pfizer/BioNTech",https://data.cdc.gov/Vaccinations/COVID-19-Vaccination-Trends-in-the-United-States-N/rh2h-3yt2,221065192,135716019,90072950,0
United States,2021-04-16,"Johnson&Johnson, Moderna, Pfizer/BioNTech",https://data.cdc.gov/Vaccinations/COVID-19-Vaccination-Trends-in-the-United-States-N/rh2h-3yt2,224654211,137344710,91995178,0
United States,2021-04-17,"Johnson&Johnson, Moderna, Pfizer/BioNTech",https://data.cdc.gov/Vaccinations/COVID-19-Vaccination-Trends-in-the-United-States-N/rh2h-3yt2,227007694,138504201,93168532,0
United States,2021-04-18,"Johnson&Johnson, Moderna, Pfizer/BioNTech",https://data.cdc.gov/Vaccinations/COVID-19-Vaccination-Trends-in-the-United-States-N/rh2h-3yt2,228136555,139040938,93749438,0
United States,2021-04-19,"Johnson&Johnson, Moderna, Pfizer/BioNTech",https://data.cdc.gov/Vaccinations/COVID-19-Vaccination-Trends-in-the-United-States-N/rh2h-3yt2,230707292,140121107,95209387,0
United States,2021-04-20,"Johnson&Johnson, Moderna, Pfizer/BioNTech",https://data.cdc.gov/Vaccinations/COVID-19-Vaccination-Trends-in-the-United-States-N/rh2h-3yt2,233924141,141475407,97038434,0
United States,2021-04-21,"Johnson&Johnson, Moderna, Pfizer/BioNTech",https://data.cdc.gov/Vaccinations/COVID-19-Vaccination-Trends-in-the-United-States-N/rh2h-3yt2,237381427,142851472,99081841,0
United States,2021-04-22,"Johnson&Johnson, Moderna, Pfizer/BioNTech",https://data.cdc.gov/Vaccinations/COVID-19-Vaccination-Trends-in-the-United-States-N/rh2h-3yt2,240860088,144244799,101131345,0
United States,2021-04-23,"Johnson&Johnson, Moderna, Pfizer/BioNTech",https://data.cdc.gov/Vaccinations/COVID-19-Vaccination-Trends-in-the-United-States-N/rh2h-3yt2,244138736,145592040,103028527,0
United States,2021-04-24,"Johnson&Johnson, Moderna, Pfizer/BioNTech",https://data.cdc.gov/Vaccinations/COVID-19-Vaccination-Trends-in-the-United-States-N/rh2h-3yt2,246336794,146592462,104210314,0
United States,2021-04-25,"Johnson&Johnson, Moderna, Pfizer/BioNTech",https://data.cdc.gov/Vaccinations/COVID-19-Vaccination-Trends-in-the-United-States-N/rh2h-3yt2,247326341,147081462,104704460,0
United States,2021-04-26,"Johnson&Johnson, Moderna, Pfizer/BioNTech",https://data.cdc.gov/Vaccinations/COVID-19-Vaccination-Trends-in-the-United-States-N/rh2h-3yt2,249703555,148010930,106132449,0
United States,2021-04-27,"Johnson&Johnson, Moderna, Pfizer/BioNTech",https://data.cdc.gov/Vaccinations/COVID-19-Vaccination-Trends-in-the-United-States-N/rh2h-3yt2,252576649,149111043,107916891,0
United States,2021-04-28,"Johnson&Johnson, Moderna, Pfizer/BioNTech",https://data.cdc.gov/Vaccinations/COVID-19-Vaccination-Trends-in-the-United-States-N/rh2h-3yt2,255643160,150250475,109876804,0
United States,2021-04-29,"Johnson&Johnson, Moderna, Pfizer/BioNTech",https://data.cdc.gov/Vaccinations/COVID-19-Vaccination-Trends-in-the-United-States-N/rh2h-3yt2,258674587,151356830,111847995,0
United States,2021-04-30,"Johnson&Johnson, Moderna, Pfizer/BioNTech",https://data.cdc.gov/Vaccinations/COVID-19-Vaccination-Trends-in-the-United-States-N/rh2h-3yt2,261568841,152459989,113689457,0
United States,2021-05-01,"Johnson&Johnson, Moderna, Pfizer/BioNTech",https://data.cdc.gov/Vaccinations/COVID-19-Vaccination-Trends-in-the-United-States-N/rh2h-3yt2,263403099,153161921,114849106,0
United States,2021-05-02,"Johnson&Johnson, Moderna, Pfizer/BioNTech",https://data.cdc.gov/Vaccinations/COVID-19-Vaccination-Trends-in-the-United-States-N/rh2h-3yt2,264278703,153486008,115432224,0
United States,2021-05-03,"Johnson&Johnson, Moderna, Pfizer/BioNTech",https://data.cdc.gov/Vaccinations/COVID-19-Vaccination-Trends-in-the-United-States-N/rh2h-3yt2,266234175,154120483,116827522,0
United States,2021-05-04,"Johnson&Johnson, Moderna, Pfizer/BioNTech",https://data.cdc.gov/Vaccinations/COVID-19-Vaccination-Trends-in-the-United-States-N/rh2h-3yt2,268729096,154932323,118578117,0
United States,2021-05-05,"Johnson&Johnson, Moderna, Pfizer/BioNTech",https://data.cdc.gov/Vaccinations/COVID-19-Vaccination-Trends-in-the-United-States-N/rh2h-3yt2,271267417,155743293,120377355,0
United States,2021-05-06,"Johnson&Johnson, Moderna, Pfizer/BioNTech",https://data.cdc.gov/Vaccinations/COVID-19-Vaccination-Trends-in-the-United-States-N/rh2h-3yt2,273778083,156515109,122186686,0
United States,2021-05-07,"Johnson&Johnson, Moderna, Pfizer/BioNTech",https://data.cdc.gov/Vaccinations/COVID-19-Vaccination-Trends-in-the-United-States-N/rh2h-3yt2,276275654,157302252,123965411,0
United States,2021-05-08,"Johnson&Johnson, Moderna, Pfizer/BioNTech",https://data.cdc.gov/Vaccinations/COVID-19-Vaccination-Trends-in-the-United-States-N/rh2h-3yt2,277805157,157806550,125048767,0
United States,2021-05-09,"Johnson&Johnson, Moderna, Pfizer/BioNTech",https://data.cdc.gov/Vaccinations/COVID-19-Vaccination-Trends-in-the-United-States-N/rh2h-3yt2,278418211,158010629,125484721,0
United States,2021-05-10,"Johnson&Johnson, Moderna, Pfizer/BioNTech",https://data.cdc.gov/Vaccinations/COVID-19-Vaccination-Trends-in-the-United-States-N/rh2h-3yt2,280016802,158490863,126653638,0
United States,2021-05-11,"Johnson&Johnson, Moderna, Pfizer/BioNTech",https://data.cdc.gov/Vaccinations/COVID-19-Vaccination-Trends-in-the-United-States-N/rh2h-3yt2,282057025,159144713,128098418,0
United States,2021-05-12,"Johnson&Johnson, Moderna, Pfizer/BioNTech",https://data.cdc.gov/Vaccinations/COVID-19-Vaccination-Trends-in-the-United-States-N/rh2h-3yt2,284065641,159786017,129529361,0
United States,2021-05-13,"Johnson&Johnson, Moderna, Pfizer/BioNTech",https://data.cdc.gov/Vaccinations/COVID-19-Vaccination-Trends-in-the-United-States-N/rh2h-3yt2,286334454,160709559,130929547,0
United States,2021-05-14,"Johnson&Johnson, Moderna, Pfizer/BioNTech",https://data.cdc.gov/Vaccinations/COVID-19-Vaccination-Trends-in-the-United-States-N/rh2h-3yt2,288778391,161796780,132356951,0
United States,2021-05-15,"Johnson&Johnson, Moderna, Pfizer/BioNTech",https://data.cdc.gov/Vaccinations/COVID-19-Vaccination-Trends-in-the-United-States-N/rh2h-3yt2,290618902,162700917,133343455,0
United States,2021-05-16,"Johnson&Johnson, Moderna, Pfizer/BioNTech",https://data.cdc.gov/Vaccinations/COVID-19-Vaccination-Trends-in-the-United-States-N/rh2h-3yt2,291549064,163176785,133828055,0
United States,2021-05-17,"Johnson&Johnson, Moderna, Pfizer/BioNTech",https://data.cdc.gov/Vaccinations/COVID-19-Vaccination-Trends-in-the-United-States-N/rh2h-3yt2,293364826,164059740,134834201,0
United States,2021-05-18,"Johnson&Johnson, Moderna, Pfizer/BioNTech",https://data.cdc.gov/Vaccinations/COVID-19-Vaccination-Trends-in-the-United-States-N/rh2h-3yt2,295430316,165046147,135991599,0
United States,2021-05-19,"Johnson&Johnson, Moderna, Pfizer/BioNTech",https://data.cdc.gov/Vaccinations/COVID-19-Vaccination-Trends-in-the-United-States-N/rh2h-3yt2,297510736,166028715,137165256,0
United States,2021-05-20,"Johnson&Johnson, Moderna, Pfizer/BioNTech",https://data.cdc.gov/Vaccinations/COVID-19-Vaccination-Trends-in-the-United-States-N/rh2h-3yt2,299523758,166947736,138334610,0
United States,2021-05-21,"Johnson&Johnson, Moderna, Pfizer/BioNTech",https://data.cdc.gov/Vaccinations/COVID-19-Vaccination-Trends-in-the-United-States-N/rh2h-3yt2,301575168,167877113,139528508,0
United States,2021-05-22,"Johnson&Johnson, Moderna, Pfizer/BioNTech",https://data.cdc.gov/Vaccinations/COVID-19-Vaccination-Trends-in-the-United-States-N/rh2h-3yt2,303019689,168604835,140296054,0
United States,2021-05-23,"Johnson&Johnson, Moderna, Pfizer/BioNTech",https://data.cdc.gov/Vaccinations/COVID-19-Vaccination-Trends-in-the-United-States-N/rh2h-3yt2,303676212,168942796,140641387,0
United States,2021-05-24,"Johnson&Johnson, Moderna, Pfizer/BioNTech",https://data.cdc.gov/Vaccinations/COVID-19-Vaccination-Trends-in-the-United-States-N/rh2h-3yt2,304992922,169577058,141387110,0
United States,2021-05-25,"Johnson&Johnson, Moderna, Pfizer/BioNTech",https://data.cdc.gov/Vaccinations/COVID-19-Vaccination-Trends-in-the-United-States-N/rh2h-3yt2,306425592,170243013,142220138,0
United States,2021-05-26,"Johnson&Johnson, Moderna, Pfizer/BioNTech",https://data.cdc.gov/Vaccinations/COVID-19-Vaccination-Trends-in-the-United-States-N/rh2h-3yt2,307854905,170901611,143051037,0
United States,2021-05-27,"Johnson&Johnson, Moderna, Pfizer/BioNTech",https://data.cdc.gov/Vaccinations/COVID-19-Vaccination-Trends-in-the-United-States-N/rh2h-3yt2,309197510,171513562,143842293,0
United States,2021-05-28,"Johnson&Johnson, Moderna, Pfizer/BioNTech",https://data.cdc.gov/Vaccinations/COVID-19-Vaccination-Trends-in-the-United-States-N/rh2h-3yt2,310522244,172115523,144623888,0
United States,2021-05-29,"Johnson&Johnson, Moderna, Pfizer/BioNTech",https://data.cdc.gov/Vaccinations/COVID-19-Vaccination-Trends-in-the-United-States-N/rh2h-3yt2,311285552,172494852,145042887,0
United States,2021-05-30,"Johnson&Johnson, Moderna, Pfizer/BioNTech",https://data.cdc.gov/Vaccinations/COVID-19-Vaccination-Trends-in-the-United-States-N/rh2h-3yt2,311669343,172695442,145246750,0
United States,2021-05-31,"Johnson&Johnson, Moderna, Pfizer/BioNTech",https://data.cdc.gov/Vaccinations/COVID-19-Vaccination-Trends-in-the-United-States-N/rh2h-3yt2,311870453,172784291,145367988,0
United States,2021-06-01,"Johnson&Johnson, Moderna, Pfizer/BioNTech",https://data.cdc.gov/Vaccinations/COVID-19-Vaccination-Trends-in-the-United-States-N/rh2h-3yt2,313130445,173308464,146145981,0
United States,2021-06-02,"Johnson&Johnson, Moderna, Pfizer/BioNTech",https://data.cdc.gov/Vaccinations/COVID-19-Vaccination-Trends-in-the-United-States-N/rh2h-3yt2,314244036,173801886,146821321,0
United States,2021-06-03,"Johnson&Johnson, Moderna, Pfizer/BioNTech",https://data.cdc.gov/Vaccinations/COVID-19-Vaccination-Trends-in-the-United-States-N/rh2h-3yt2,315486547,174263852,147652480,0
United States,2021-06-04,"Johnson&Johnson, Moderna, Pfizer/BioNTech",https://data.cdc.gov/Vaccinations/COVID-19-Vaccination-Trends-in-the-United-States-N/rh2h-3yt2,316884498,174762616,148603487,0
United States,2021-06-05,"Johnson&Johnson, Moderna, Pfizer/BioNTech",https://data.cdc.gov/Vaccinations/COVID-19-Vaccination-Trends-in-the-United-States-N/rh2h-3yt2,317952250,175115065,149350689,0
United States,2021-06-06,"Johnson&Johnson, Moderna, Pfizer/BioNTech",https://data.cdc.gov/Vaccinations/COVID-19-Vaccination-Trends-in-the-United-States-N/rh2h-3yt2,318467212,175286208,149712014,0
United States,2021-06-07,"Johnson&Johnson, Moderna, Pfizer/BioNTech",https://data.cdc.gov/Vaccinations/COVID-19-Vaccination-Trends-in-the-United-States-N/rh2h-3yt2,319533980,175658006,150447131,0
United States,2021-06-08,"Johnson&Johnson, Moderna, Pfizer/BioNTech",https://data.cdc.gov/Vaccinations/COVID-19-Vaccination-Trends-in-the-United-States-N/rh2h-3yt2,320704747,176061016,151259401,0
United States,2021-06-09,"Johnson&Johnson, Moderna, Pfizer/BioNTech",https://data.cdc.gov/Vaccinations/COVID-19-Vaccination-Trends-in-the-United-States-N/rh2h-3yt2,321866188,176451470,152075381,0
United States,2021-06-10,"Johnson&Johnson, Moderna, Pfizer/BioNTech",https://data.cdc.gov/Vaccinations/COVID-19-Vaccination-Trends-in-the-United-States-N/rh2h-3yt2,323031963,176855016,152883576,0
United States,2021-06-11,"Johnson&Johnson, Moderna, Pfizer/BioNTech",https://data.cdc.gov/Vaccinations/COVID-19-Vaccination-Trends-in-the-United-States-N/rh2h-3yt2,324258632,177281823,153729572,0
United States,2021-06-12,"Johnson&Johnson, Moderna, Pfizer/BioNTech",https://data.cdc.gov/Vaccinations/COVID-19-Vaccination-Trends-in-the-United-States-N/rh2h-3yt2,325149427,177561820,154367177,0
United States,2021-06-13,"Johnson&Johnson, Moderna, Pfizer/BioNTech",https://data.cdc.gov/Vaccinations/COVID-19-Vaccination-Trends-in-the-United-States-N/rh2h-3yt2,325541347,177675049,154661903,0
United States,2021-06-14,"Johnson&Johnson, Moderna, Pfizer/BioNTech",https://data.cdc.gov/Vaccinations/COVID-19-Vaccination-Trends-in-the-United-States-N/rh2h-3yt2,326451566,178006726,155277259,0
United States,2021-06-15,"Johnson&Johnson, Moderna, Pfizer/BioNTech",https://data.cdc.gov/Vaccinations/COVID-19-Vaccination-Trends-in-the-United-States-N/rh2h-3yt2,327426744,178366788,155933402,0
United States,2021-06-16,"Johnson&Johnson, Moderna, Pfizer/BioNTech",https://data.cdc.gov/Vaccinations/COVID-19-Vaccination-Trends-in-the-United-States-N/rh2h-3yt2,328368214,178724489,156559973,0
United States,2021-06-17,"Johnson&Johnson, Moderna, Pfizer/BioNTech",https://data.cdc.gov/Vaccinations/COVID-19-Vaccination-Trends-in-the-United-States-N/rh2h-3yt2,329259814,179075645,157146608,0
United States,2021-06-18,"Johnson&Johnson, Moderna, Pfizer/BioNTech",https://data.cdc.gov/Vaccinations/COVID-19-Vaccination-Trends-in-the-United-States-N/rh2h-3yt2,330178184,179443518,157738087,0
United States,2021-06-19,"Johnson&Johnson, Moderna, Pfizer/BioNTech",https://data.cdc.gov/Vaccinations/COVID-19-Vaccination-Trends-in-the-United-States-N/rh2h-3yt2,330752216,179674435,158105496,0
United States,2021-06-20,"Johnson&Johnson, Moderna, Pfizer/BioNTech",https://data.cdc.gov/Vaccinations/COVID-19-Vaccination-Trends-in-the-United-States-N/rh2h-3yt2,331028185,179786554,158280313,0
United States,2021-06-21,"Johnson&Johnson, Moderna, Pfizer/BioNTech",https://data.cdc.gov/Vaccinations/COVID-19-Vaccination-Trends-in-the-United-States-N/rh2h-3yt2,331587183,180087805,158570934,0
United States,2021-06-22,"Johnson&Johnson, Moderna, Pfizer/BioNTech",https://data.cdc.gov/Vaccinations/COVID-19-Vaccination-Trends-in-the-United-States-N/rh2h-3yt2,332340905,180411794,159036325,0
United States,2021-06-23,"Johnson&Johnson, Moderna, Pfizer/BioNTech",https://data.cdc.gov/Vaccinations/COVID-19-Vaccination-Trends-in-the-United-States-N/rh2h-3yt2,333074940,180742241,159474336,0
United States,2021-06-24,"Johnson&Johnson, Moderna, Pfizer/BioNTech",https://data.cdc.gov/Vaccinations/COVID-19-Vaccination-Trends-in-the-United-States-N/rh2h-3yt2,333772725,181061176,159887999,0
United States,2021-06-25,"Johnson&Johnson, Moderna, Pfizer/BioNTech",https://data.cdc.gov/Vaccinations/COVID-19-Vaccination-Trends-in-the-United-States-N/rh2h-3yt2,334537863,181412259,160336476,0
United States,2021-06-26,"Johnson&Johnson, Moderna, Pfizer/BioNTech",https://data.cdc.gov/Vaccinations/COVID-19-Vaccination-Trends-in-the-United-States-N/rh2h-3yt2,335036209,181637534,160629623,0
United States,2021-06-27,"Johnson&Johnson, Moderna, Pfizer/BioNTech",https://data.cdc.gov/Vaccinations/COVID-19-Vaccination-Trends-in-the-United-States-N/rh2h-3yt2,335303048,181764615,160779068,0
United States,2021-06-28,"Johnson&Johnson, Moderna, Pfizer/BioNTech",https://data.cdc.gov/Vaccinations/COVID-19-Vaccination-Trends-in-the-United-States-N/rh2h-3yt2,335855579,182040476,161081710,0
United States,2021-06-29,"Johnson&Johnson, Moderna, Pfizer/BioNTech",https://data.cdc.gov/Vaccinations/COVID-19-Vaccination-Trends-in-the-United-States-N/rh2h-3yt2,336482410,182338366,161436855,0
United States,2021-06-30,"Johnson&Johnson, Moderna, Pfizer/BioNTech",https://data.cdc.gov/Vaccinations/COVID-19-Vaccination-Trends-in-the-United-States-N/rh2h-3yt2,337112509,182646218,161785514,0
United States,2021-07-01,"Johnson&Johnson, Moderna, Pfizer/BioNTech",https://data.cdc.gov/Vaccinations/COVID-19-Vaccination-Trends-in-the-United-States-N/rh2h-3yt2,337716073,182938679,162116965,0
United States,2021-07-02,"Johnson&Johnson, Moderna, Pfizer/BioNTech",https://data.cdc.gov/Vaccinations/COVID-19-Vaccination-Trends-in-the-United-States-N/rh2h-3yt2,338335987,183245339,162456149,0
United States,2021-07-03,"Johnson&Johnson, Moderna, Pfizer/BioNTech",https://data.cdc.gov/Vaccinations/COVID-19-Vaccination-Trends-in-the-United-States-N/rh2h-3yt2,338693402,183427383,162643814,0
United States,2021-07-04,"Johnson&Johnson, Moderna, Pfizer/BioNTech",https://data.cdc.gov/Vaccinations/COVID-19-Vaccination-Trends-in-the-United-States-N/rh2h-3yt2,338743701,183455187,162670939,0
United States,2021-07-05,"Johnson&Johnson, Moderna, Pfizer/BioNTech",https://data.cdc.gov/Vaccinations/COVID-19-Vaccination-Trends-in-the-United-States-N/rh2h-3yt2,339140019,183656725,162878358,0
United States,2021-07-06,"Johnson&Johnson, Moderna, Pfizer/BioNTech",https://data.cdc.gov/Vaccinations/COVID-19-Vaccination-Trends-in-the-United-States-N/rh2h-3yt2,339723582,183931240,163212026,0
United States,2021-07-07,"Johnson&Johnson, Moderna, Pfizer/BioNTech",https://data.cdc.gov/Vaccinations/COVID-19-Vaccination-Trends-in-the-United-States-N/rh2h-3yt2,340293392,184214003,163526241,0
United States,2021-07-08,"Johnson&Johnson, Moderna, Pfizer/BioNTech",https://data.cdc.gov/Vaccinations/COVID-19-Vaccination-Trends-in-the-United-States-N/rh2h-3yt2,340858858,184503114,163831821,0
United States,2021-07-09,"Johnson&Johnson, Moderna, Pfizer/BioNTech",https://data.cdc.gov/Vaccinations/COVID-19-Vaccination-Trends-in-the-United-States-N/rh2h-3yt2,341490636,184825473,164171509,0
United States,2021-07-10,"Johnson&Johnson, Moderna, Pfizer/BioNTech",https://data.cdc.gov/Vaccinations/COVID-19-Vaccination-Trends-in-the-United-States-N/rh2h-3yt2,341891580,185036961,164377061,0
United States,2021-07-11,"Johnson&Johnson, Moderna, Pfizer/BioNTech",https://data.cdc.gov/Vaccinations/COVID-19-Vaccination-Trends-in-the-United-States-N/rh2h-3yt2,342108172,185153775,164484374,0
United States,2021-07-12,"Johnson&Johnson, Moderna, Pfizer/BioNTech",https://data.cdc.gov/Vaccinations/COVID-19-Vaccination-Trends-in-the-United-States-N/rh2h-3yt2,342627630,185428896,164752985,0
United States,2021-07-13,"Johnson&Johnson, Moderna, Pfizer/BioNTech",https://data.cdc.gov/Vaccinations/COVID-19-Vaccination-Trends-in-the-United-States-N/rh2h-3yt2,343153982,185710380,165018833,0
United States,2021-07-14,"Johnson&Johnson, Moderna, Pfizer/BioNTech",https://data.cdc.gov/Vaccinations/COVID-19-Vaccination-Trends-in-the-United-States-N/rh2h-3yt2,343684178,185994253,165285543,0
United States,2021-07-15,"Johnson&Johnson, Moderna, Pfizer/BioNTech",https://data.cdc.gov/Vaccinations/COVID-19-Vaccination-Trends-in-the-United-States-N/rh2h-3yt2,344224555,186292441,165547992,0
United States,2021-07-16,"Johnson&Johnson, Moderna, Pfizer/BioNTech",https://data.cdc.gov/Vaccinations/COVID-19-Vaccination-Trends-in-the-United-States-N/rh2h-3yt2,344849066,186639977,165844918,0
United States,2021-07-17,"Johnson&Johnson, Moderna, Pfizer/BioNTech",https://data.cdc.gov/Vaccinations/COVID-19-Vaccination-Trends-in-the-United-States-N/rh2h-3yt2,345249028,186863997,166032767,0
United States,2021-07-18,"Johnson&Johnson, Moderna, Pfizer/BioNTech",https://data.cdc.gov/Vaccinations/COVID-19-Vaccination-Trends-in-the-United-States-N/rh2h-3yt2,345482783,186999547,166137272,0
United States,2021-07-19,"Johnson&Johnson, Moderna, Pfizer/BioNTech",https://data.cdc.gov/Vaccinations/COVID-19-Vaccination-Trends-in-the-United-States-N/rh2h-3yt2,346050577,187339569,166385057,0
United States,2021-07-20,"Johnson&Johnson, Moderna, Pfizer/BioNTech",https://data.cdc.gov/Vaccinations/COVID-19-Vaccination-Trends-in-the-United-States-N/rh2h-3yt2,346654246,187711883,166637926,0
United States,2021-07-21,"Johnson&Johnson, Moderna, Pfizer/BioNTech",https://data.cdc.gov/Vaccinations/COVID-19-Vaccination-Trends-in-the-United-States-N/rh2h-3yt2,347284764,188099342,166901706,0
United States,2021-07-22,"Johnson&Johnson, Moderna, Pfizer/BioNTech",https://data.cdc.gov/Vaccinations/COVID-19-Vaccination-Trends-in-the-United-States-N/rh2h-3yt2,347933756,188515996,167155366,0
United States,2021-07-23,"Johnson&Johnson, Moderna, Pfizer/BioNTech",https://data.cdc.gov/Vaccinations/COVID-19-Vaccination-Trends-in-the-United-States-N/rh2h-3yt2,348680859,189004172,167438026,0
United States,2021-07-24,"Johnson&Johnson, Moderna, Pfizer/BioNTech",https://data.cdc.gov/Vaccinations/COVID-19-Vaccination-Trends-in-the-United-States-N/rh2h-3yt2,349144064,189306225,167610894,0
United States,2021-07-25,"Johnson&Johnson, Moderna, Pfizer/BioNTech",https://data.cdc.gov/Vaccinations/COVID-19-Vaccination-Trends-in-the-United-States-N/rh2h-3yt2,349403294,189508028,167673405,0
United States,2021-07-26,"Johnson&Johnson, Moderna, Pfizer/BioNTech",https://data.cdc.gov/Vaccinations/COVID-19-Vaccination-Trends-in-the-United-States-N/rh2h-3yt2,350046343,189955342,167891411,0
United States,2021-07-27,"Johnson&Johnson, Moderna, Pfizer/BioNTech",https://data.cdc.gov/Vaccinations/COVID-19-Vaccination-Trends-in-the-United-States-N/rh2h-3yt2,350747102,190435676,168138405,0
United States,2021-07-28,"Johnson&Johnson, Moderna, Pfizer/BioNTech",https://data.cdc.gov/Vaccinations/COVID-19-Vaccination-Trends-in-the-United-States-N/rh2h-3yt2,351466423,190926571,168393452,0
United States,2021-07-29,"Johnson&Johnson, Moderna, Pfizer/BioNTech",https://data.cdc.gov/Vaccinations/COVID-19-Vaccination-Trends-in-the-United-States-N/rh2h-3yt2,352185869,191423866,168642290,0
United States,2021-07-30,"Johnson&Johnson, Moderna, Pfizer/BioNTech",https://data.cdc.gov/Vaccinations/COVID-19-Vaccination-Trends-in-the-United-States-N/rh2h-3yt2,353020094,191998759,168929845,0
United States,2021-07-31,"Johnson&Johnson, Moderna, Pfizer/BioNTech",https://data.cdc.gov/Vaccinations/COVID-19-Vaccination-Trends-in-the-United-States-N/rh2h-3yt2,353534595,192344951,169108811,0
United States,2021-08-01,"Johnson&Johnson, Moderna, Pfizer/BioNTech",https://data.cdc.gov/Vaccinations/COVID-19-Vaccination-Trends-in-the-United-States-N/rh2h-3yt2,353860044,192570370,169206907,0
United States,2021-08-02,"Johnson&Johnson, Moderna, Pfizer/BioNTech",https://data.cdc.gov/Vaccinations/COVID-19-Vaccination-Trends-in-the-United-States-N/rh2h-3yt2,354578603,193075287,169442536,0
United States,2021-08-03,"Johnson&Johnson, Moderna, Pfizer/BioNTech",https://data.cdc.gov/Vaccinations/COVID-19-Vaccination-Trends-in-the-United-States-N/rh2h-3yt2,355339976,193612545,169693824,0
United States,2021-08-04,"Johnson&Johnson, Moderna, Pfizer/BioNTech",https://data.cdc.gov/Vaccinations/COVID-19-Vaccination-Trends-in-the-United-States-N/rh2h-3yt2,356116650,194163922,169947038,0
United States,2021-08-05,"Johnson&Johnson, Moderna, Pfizer/BioNTech",https://data.cdc.gov/Vaccinations/COVID-19-Vaccination-Trends-in-the-United-States-N/rh2h-3yt2,356908236,194723005,170209502,0
United States,2021-08-06,"Johnson&Johnson, Moderna, Pfizer/BioNTech",https://data.cdc.gov/Vaccinations/COVID-19-Vaccination-Trends-in-the-United-States-N/rh2h-3yt2,357814758,195348269,170519131,0
United States,2021-08-07,"Johnson&Johnson, Moderna, Pfizer/BioNTech",https://data.cdc.gov/Vaccinations/COVID-19-Vaccination-Trends-in-the-United-States-N/rh2h-3yt2,358372052,195729572,170708054,0
United States,2021-08-08,"Johnson&Johnson, Moderna, Pfizer/BioNTech",https://data.cdc.gov/Vaccinations/COVID-19-Vaccination-Trends-in-the-United-States-N/rh2h-3yt2,358722021,195967104,170825180,0
United States,2021-08-09,"Johnson&Johnson, Moderna, Pfizer/BioNTech",https://data.cdc.gov/Vaccinations/COVID-19-Vaccination-Trends-in-the-United-States-N/rh2h-3yt2,359503224,196486991,171110555,0
United States,2021-08-10,"Johnson&Johnson, Moderna, Pfizer/BioNTech",https://data.cdc.gov/Vaccinations/COVID-19-Vaccination-Trends-in-the-United-States-N/rh2h-3yt2,360301236,197016661,171403504,0
United States,2021-08-11,"Johnson&Johnson, Moderna, Pfizer/BioNTech",https://data.cdc.gov/Vaccinations/COVID-19-Vaccination-Trends-in-the-United-States-N/rh2h-3yt2,361068694,197514803,171697676,0
United States,2021-08-12,"Johnson&Johnson, Moderna, Pfizer/BioNTech",https://data.cdc.gov/Vaccinations/COVID-19-Vaccination-Trends-in-the-United-States-N/rh2h-3yt2,361870039,198028116,172009372,0
United States,2021-08-13,"Johnson&Johnson, Moderna, Pfizer/BioNTech",https://data.cdc.gov/Vaccinations/COVID-19-Vaccination-Trends-in-the-United-States-N/rh2h-3yt2,362816461,198608510,172396785,13686
United States,2021-08-14,"Johnson&Johnson, Moderna, Pfizer/BioNTech",https://data.cdc.gov/Vaccinations/COVID-19-Vaccination-Trends-in-the-United-States-N/rh2h-3yt2,363440689,198970592,172638294,49645
United States,2021-08-15,"Johnson&Johnson, Moderna, Pfizer/BioNTech",https://data.cdc.gov/Vaccinations/COVID-19-Vaccination-Trends-in-the-United-States-N/rh2h-3yt2,363839373,199182202,172799135,82444
United States,2021-08-16,"Johnson&Johnson, Moderna, Pfizer/BioNTech",https://data.cdc.gov/Vaccinations/COVID-19-Vaccination-Trends-in-the-United-States-N/rh2h-3yt2,364707904,199646374,173151740,161929
United States,2021-08-17,"Johnson&Johnson, Moderna, Pfizer/BioNTech",https://data.cdc.gov/Vaccinations/COVID-19-Vaccination-Trends-in-the-United-States-N/rh2h-3yt2,365629750,200136095,173513675,260819
United States,2021-08-18,"Johnson&Johnson, Moderna, Pfizer/BioNTech",https://data.cdc.gov/Vaccinations/COVID-19-Vaccination-Trends-in-the-United-States-N/rh2h-3yt2,366580286,200622634,173890483,376342
United States,2021-08-19,"Johnson&Johnson, Moderna, Pfizer/BioNTech",https://data.cdc.gov/Vaccinations/COVID-19-Vaccination-Trends-in-the-United-States-N/rh2h-3yt2,367523123,201102415,174269706,489587
United States,2021-08-20,"Johnson&Johnson, Moderna, Pfizer/BioNTech",https://data.cdc.gov/Vaccinations/COVID-19-Vaccination-Trends-in-the-United-States-N/rh2h-3yt2,368627745,201639947,174745589,610342
United States,2021-08-21,"Johnson&Johnson, Moderna, Pfizer/BioNTech",https://data.cdc.gov/Vaccinations/COVID-19-Vaccination-Trends-in-the-United-States-N/rh2h-3yt2,369292120,201961227,175041322,671456
United States,2021-08-22,"Johnson&Johnson, Moderna, Pfizer/BioNTech",https://data.cdc.gov/Vaccinations/COVID-19-Vaccination-Trends-in-the-United-States-N/rh2h-3yt2,369680497,202144851,175219619,702850
United States,2021-08-23,"Johnson&Johnson, Moderna, Pfizer/BioNTech",https://data.cdc.gov/Vaccinations/COVID-19-Vaccination-Trends-in-the-United-States-N/rh2h-3yt2,370598786,202586521,175622839,798878
United States,2021-08-24,"Johnson&Johnson, Moderna, Pfizer/BioNTech",https://data.cdc.gov/Vaccinations/COVID-19-Vaccination-Trends-in-the-United-States-N/rh2h-3yt2,371546335,203047937,176034980,898378
United States,2021-08-25,"Johnson&Johnson, Moderna, Pfizer/BioNTech",https://data.cdc.gov/Vaccinations/COVID-19-Vaccination-Trends-in-the-United-States-N/rh2h-3yt2,372509736,203516855,176454134,1000615
United States,2021-08-26,"Johnson&Johnson, Moderna, Pfizer/BioNTech",https://data.cdc.gov/Vaccinations/COVID-19-Vaccination-Trends-in-the-United-States-N/rh2h-3yt2,373497308,203992931,176883696,1110557
United States,2021-08-27,"Johnson&Johnson, Moderna, Pfizer/BioNTech",https://data.cdc.gov/Vaccinations/COVID-19-Vaccination-Trends-in-the-United-States-N/rh2h-3yt2,374664994,204527072,177419484,1235781
United States,2021-08-28,"Johnson&Johnson, Moderna, Pfizer/BioNTech",https://data.cdc.gov/Vaccinations/COVID-19-Vaccination-Trends-in-the-United-States-N/rh2h-3yt2,375375377,204846277,177758225,1299376
United States,2021-08-29,"Johnson&Johnson, Moderna, Pfizer/BioNTech",https://data.cdc.gov/Vaccinations/COVID-19-Vaccination-Trends-in-the-United-States-N/rh2h-3yt2,375804724,205040019,177962628,1334839
United States,2021-08-30,"Johnson&Johnson, Moderna, Pfizer/BioNTech",https://data.cdc.gov/Vaccinations/COVID-19-Vaccination-Trends-in-the-United-States-N/rh2h-3yt2,376727726,205456865,178390638,1434026
United States,2021-08-31,"Johnson&Johnson, Moderna, Pfizer/BioNTech",https://data.cdc.gov/Vaccinations/COVID-19-Vaccination-Trends-in-the-United-States-N/rh2h-3yt2,377652553,205876038,178808898,1542666
United States,2021-09-01,"Johnson&Johnson, Moderna, Pfizer/BioNTech",https://data.cdc.gov/Vaccinations/COVID-19-Vaccination-Trends-in-the-United-States-N/rh2h-3yt2,378581521,206301931,179213650,1662735
United States,2021-09-02,"Johnson&Johnson, Moderna, Pfizer/BioNTech",https://data.cdc.gov/Vaccinations/COVID-19-Vaccination-Trends-in-the-United-States-N/rh2h-3yt2,379474073,206705580,179611105,1776250
United States,2021-09-03,"Johnson&Johnson, Moderna, Pfizer/BioNTech",https://data.cdc.gov/Vaccinations/COVID-19-Vaccination-Trends-in-the-United-States-N/rh2h-3yt2,380512433,207160181,180098005,1894709
United States,2021-09-04,"Johnson&Johnson, Moderna, Pfizer/BioNTech",https://data.cdc.gov/Vaccinations/COVID-19-Vaccination-Trends-in-the-United-States-N/rh2h-3yt2,381071943,207406741,180373969,1939068
United States,2021-09-05,"Johnson&Johnson, Moderna, Pfizer/BioNTech",https://data.cdc.gov/Vaccinations/COVID-19-Vaccination-Trends-in-the-United-States-N/rh2h-3yt2,381437759,207575248,180546407,1966529
United States,2021-09-06,"Johnson&Johnson, Moderna, Pfizer/BioNTech",https://data.cdc.gov/Vaccinations/COVID-19-Vaccination-Trends-in-the-United-States-N/rh2h-3yt2,381614016,207657436,180632131,1978111
United States,2021-09-07,"Johnson&Johnson, Moderna, Pfizer/BioNTech",https://data.cdc.gov/Vaccinations/COVID-19-Vaccination-Trends-in-the-United-States-N/rh2h-3yt2,382519612,208012478,181108571,2069991
United States,2021-09-08,"Johnson&Johnson, Moderna, Pfizer/BioNTech",https://data.cdc.gov/Vaccinations/COVID-19-Vaccination-Trends-in-the-United-States-N/rh2h-3yt2,383361047,208379195,181506955,2165461
United States,2021-09-09,"Johnson&Johnson, Moderna, Pfizer/BioNTech",https://data.cdc.gov/Vaccinations/COVID-19-Vaccination-Trends-in-the-United-States-N/rh2h-3yt2,384204547,208751960,181901265,2262314
United States,2021-09-10,"Johnson&Johnson, Moderna, Pfizer/BioNTech",https://data.cdc.gov/Vaccinations/COVID-19-Vaccination-Trends-in-the-United-States-N/rh2h-3yt2,385234658,209202154,182397594,2368606
United States,2021-09-11,"Johnson&Johnson, Moderna, Pfizer/BioNTech",https://data.cdc.gov/Vaccinations/COVID-19-Vaccination-Trends-in-the-United-States-N/rh2h-3yt2,385830086,209460919,182695610,2417167
United States,2021-09-12,"Johnson&Johnson, Moderna, Pfizer/BioNTech",https://data.cdc.gov/Vaccinations/COVID-19-Vaccination-Trends-in-the-United-States-N/rh2h-3yt2,386179246,209618204,182867900,2440019
United States,2021-09-13,"Johnson&Johnson, Moderna, Pfizer/BioNTech",https://data.cdc.gov/Vaccinations/COVID-19-Vaccination-Trends-in-the-United-States-N/rh2h-3yt2,386957258,209956339,183248819,2515403
United States,2021-09-14,"Johnson&Johnson, Moderna, Pfizer/BioNTech",https://data.cdc.gov/Vaccinations/COVID-19-Vaccination-Trends-in-the-United-States-N/rh2h-3yt2,387703924,210273049,183624171,2589280
United States,2021-09-15,"Johnson&Johnson, Moderna, Pfizer/BioNTech",https://data.cdc.gov/Vaccinations/COVID-19-Vaccination-Trends-in-the-United-States-N/rh2h-3yt2,388461529,210586245,184010423,2666344
United States,2021-09-16,"Johnson&Johnson, Moderna, Pfizer/BioNTech",https://data.cdc.gov/Vaccinations/COVID-19-Vaccination-Trends-in-the-United-States-N/rh2h-3yt2,389218080,210897409,184399790,2743170
United States,2021-09-17,"Johnson&Johnson, Moderna, Pfizer/BioNTech",https://data.cdc.gov/Vaccinations/COVID-19-Vaccination-Trends-in-the-United-States-N/rh2h-3yt2,390116723,211249371,184878010,2832716
United States,2021-09-18,"Johnson&Johnson, Moderna, Pfizer/BioNTech",https://data.cdc.gov/Vaccinations/COVID-19-Vaccination-Trends-in-the-United-States-N/rh2h-3yt2,390636509,211455245,185151888,2880988
United States,2021-09-19,"Johnson&Johnson, Moderna, Pfizer/BioNTech",https://data.cdc.gov/Vaccinations/COVID-19-Vaccination-Trends-in-the-United-States-N/rh2h-3yt2,390940212,211574803,185315684,2904108
United States,2021-09-20,"Johnson&Johnson, Moderna, Pfizer/BioNTech",https://data.cdc.gov/Vaccinations/COVID-19-Vaccination-Trends-in-the-United-States-N/rh2h-3yt2,391624646,211840781,185664777,2989404
United States,2021-09-21,"Johnson&Johnson, Moderna, Pfizer/BioNTech",https://data.cdc.gov/Vaccinations/COVID-19-Vaccination-Trends-in-the-United-States-N/rh2h-3yt2,392295653,212101828,186005188,3077591
United States,2021-09-22,"Johnson&Johnson, Moderna, Pfizer/BioNTech",https://data.cdc.gov/Vaccinations/COVID-19-Vaccination-Trends-in-the-United-States-N/rh2h-3yt2,392956244,212355766,186339047,3162589
United States,2021-09-23,"Johnson&Johnson, Moderna, Pfizer/BioNTech",https://data.cdc.gov/Vaccinations/COVID-19-Vaccination-Trends-in-the-United-States-N/rh2h-3yt2,393626492,212610889,186666014,3264501
United States,2021-09-24,"Johnson&Johnson, Moderna, Pfizer/BioNTech",https://data.cdc.gov/Vaccinations/COVID-19-Vaccination-Trends-in-the-United-States-N/rh2h-3yt2,394603472,212932303,187077163,3522145
United States,2021-09-25,"Johnson&Johnson, Moderna, Pfizer/BioNTech",https://data.cdc.gov/Vaccinations/COVID-19-Vaccination-Trends-in-the-United-States-N/rh2h-3yt2,395271465,213136718,187305159,3762557
United States,2021-09-26,"Johnson&Johnson, Moderna, Pfizer/BioNTech",https://data.cdc.gov/Vaccinations/COVID-19-Vaccination-Trends-in-the-United-States-N/rh2h-3yt2,395678124,213257617,187450021,3905129
United States,2021-09-27,"Johnson&Johnson, Moderna, Pfizer/BioNTech",https://data.cdc.gov/Vaccinations/COVID-19-Vaccination-Trends-in-the-United-States-N/rh2h-3yt2,396698530,213558564,187671936,4411998
United States,2021-09-28,"Johnson&Johnson, Moderna, Pfizer/BioNTech",https://data.cdc.gov/Vaccinations/COVID-19-Vaccination-Trends-in-the-United-States-N/rh2h-3yt2,397819920,213851127,187974138,4948370
United States,2021-09-29,"Johnson&Johnson, Moderna, Pfizer/BioNTech",https://data.cdc.gov/Vaccinations/COVID-19-Vaccination-Trends-in-the-United-States-N/rh2h-3yt2,398947740,214141624,188284100,5486494
United States,2021-09-30,"Johnson&Johnson, Moderna, Pfizer/BioNTech",https://data.cdc.gov/Vaccinations/COVID-19-Vaccination-Trends-in-the-United-States-N/rh2h-3yt2,400096371,214432570,188602185,6038214
United States,2021-10-01,"Johnson&Johnson, Moderna, Pfizer/BioNTech",https://data.cdc.gov/Vaccinations/COVID-19-Vaccination-Trends-in-the-United-States-N/rh2h-3yt2,401386379,214749388,188978037,6644893
United States,2021-10-02,"Johnson&Johnson, Moderna, Pfizer/BioNTech",https://data.cdc.gov/Vaccinations/COVID-19-Vaccination-Trends-in-the-United-States-N/rh2h-3yt2,402011470,214924260,189184299,6894033
United States,2021-10-03,"Johnson&Johnson, Moderna, Pfizer/BioNTech",https://data.cdc.gov/Vaccinations/COVID-19-Vaccination-Trends-in-the-United-States-N/rh2h-3yt2,402375301,215031428,189314155,7022478
United States,2021-10-04,"Johnson&Johnson, Moderna, Pfizer/BioNTech",https://data.cdc.gov/Vaccinations/COVID-19-Vaccination-Trends-in-the-United-States-N/rh2h-3yt2,403348301,215280598,189569410,7500443
United States,2021-10-05,"Johnson&Johnson, Moderna, Pfizer/BioNTech",https://data.cdc.gov/Vaccinations/COVID-19-Vaccination-Trends-in-the-United-States-N/rh2h-3yt2,404353133,215526557,189824785,8013953
United States,2021-10-06,"Johnson&Johnson, Moderna, Pfizer/BioNTech",https://data.cdc.gov/Vaccinations/COVID-19-Vaccination-Trends-in-the-United-States-N/rh2h-3yt2,405372347,215776412,190081979,8536251
United States,2021-10-07,"Johnson&Johnson, Moderna, Pfizer/BioNTech",https://data.cdc.gov/Vaccinations/COVID-19-Vaccination-Trends-in-the-United-States-N/rh2h-3yt2,406368152,216026615,190334116,9040810
United States,2021-10-08,"Johnson&Johnson, Moderna, Pfizer/BioNTech",https://data.cdc.gov/Vaccinations/COVID-19-Vaccination-Trends-in-the-United-States-N/rh2h-3yt2,407499263,216311334,190642467,9590556
United States,2021-10-09,"Johnson&Johnson, Moderna, Pfizer/BioNTech",https://data.cdc.gov/Vaccinations/COVID-19-Vaccination-Trends-in-the-United-States-N/rh2h-3yt2,408031414,216459861,190809943,9812015
United States,2021-10-10,"Johnson&Johnson, Moderna, Pfizer/BioNTech",https://data.cdc.gov/Vaccinations/COVID-19-Vaccination-Trends-in-the-United-States-N/rh2h-3yt2,408343203,216553714,190914227,9926992
United States,2021-10-11,"Johnson&Johnson, Moderna, Pfizer/BioNTech",https://data.cdc.gov/Vaccinations/COVID-19-Vaccination-Trends-in-the-United-States-N/rh2h-3yt2,409190434,216780774,191134264,10336259
United States,2021-10-12,"Johnson&Johnson, Moderna, Pfizer/BioNTech",https://data.cdc.gov/Vaccinations/COVID-19-Vaccination-Trends-in-the-United-States-N/rh2h-3yt2,410106106,217010740,191366593,10800031
United States,2021-10-13,"Johnson&Johnson, Moderna, Pfizer/BioNTech",https://data.cdc.gov/Vaccinations/COVID-19-Vaccination-Trends-in-the-United-States-N/rh2h-3yt2,410999683,217239179,191593408,11249792
United States,2021-10-14,"Johnson&Johnson, Moderna, Pfizer/BioNTech",https://data.cdc.gov/Vaccinations/COVID-19-Vaccination-Trends-in-the-United-States-N/rh2h-3yt2,411900401,217466309,191820169,11708118
United States,2021-10-15,"Johnson&Johnson, Moderna, Pfizer/BioNTech",https://data.cdc.gov/Vaccinations/COVID-19-Vaccination-Trends-in-the-United-States-N/rh2h-3yt2,412939510,217729290,192095466,12221233
United States,2021-10-16,"Johnson&Johnson, Moderna, Pfizer/BioNTech",https://data.cdc.gov/Vaccinations/COVID-19-Vaccination-Trends-in-the-United-States-N/rh2h-3yt2,413426996,217870819,192238972,12429191
United States,2021-10-17,"Johnson&Johnson, Moderna, Pfizer/BioNTech",https://data.cdc.gov/Vaccinations/COVID-19-Vaccination-Trends-in-the-United-States-N/rh2h-3yt2,413694784,217955430,192322778,12530136
United States,2021-10-18,"Johnson&Johnson, Moderna, Pfizer/BioNTech",https://data.cdc.gov/Vaccinations/COVID-19-Vaccination-Trends-in-the-United-States-N/rh2h-3yt2,414517482,218179818,192532702,12929039
United States,2021-10-19,"Johnson&Johnson, Moderna, Pfizer/BioNTech",https://data.cdc.gov/Vaccinations/COVID-19-Vaccination-Trends-in-the-United-States-N/rh2h-3yt2,415330197,218382922,192724106,13357436
United States,2021-10-20,"Johnson&Johnson, Moderna, Pfizer/BioNTech",https://data.cdc.gov/Vaccinations/COVID-19-Vaccination-Trends-in-the-United-States-N/rh2h-3yt2,416154483,218586671,192916928,13795933
United States,2021-10-21,"Johnson&Johnson, Moderna, Pfizer/BioNTech",https://data.cdc.gov/Vaccinations/COVID-19-Vaccination-Trends-in-the-United-States-N/rh2h-3yt2,417000800,218794367,193112538,14249716
United States,2021-10-22,"Johnson&Johnson, Moderna, Pfizer/BioNTech",https://data.cdc.gov/Vaccinations/COVID-19-Vaccination-Trends-in-the-United-States-N/rh2h-3yt2,418363620,219089479,193356298,15083399
United States,2021-10-23,"Johnson&Johnson, Moderna, Pfizer/BioNTech",https://data.cdc.gov/Vaccinations/COVID-19-Vaccination-Trends-in-the-United-States-N/rh2h-3yt2,419186118,219268512,193489217,15597930
United States,2021-10-24,"Johnson&Johnson, Moderna, Pfizer/BioNTech",https://data.cdc.gov/Vaccinations/COVID-19-Vaccination-Trends-in-the-United-States-N/rh2h-3yt2,419655987,219378742,193569121,15878807
United States,2021-10-25,"Johnson&Johnson, Moderna, Pfizer/BioNTech",https://data.cdc.gov/Vaccinations/COVID-19-Vaccination-Trends-in-the-United-States-N/rh2h-3yt2,421166480,219685240,193772147,16886616
United States,2021-10-26,"Johnson&Johnson, Moderna, Pfizer/BioNTech",https://data.cdc.gov/Vaccinations/COVID-19-Vaccination-Trends-in-the-United-States-N/rh2h-3yt2,422708829,219986382,193971940,17937313
United States,2021-10-27,"Johnson&Johnson, Moderna, Pfizer/BioNTech",https://data.cdc.gov/Vaccinations/COVID-19-Vaccination-Trends-in-the-United-States-N/rh2h-3yt2,424312855,220297065,194177477,19034677
United States,2021-10-28,"Johnson&Johnson, Moderna, Pfizer/BioNTech",https://data.cdc.gov/Vaccinations/COVID-19-Vaccination-Trends-in-the-United-States-N/rh2h-3yt2,425902922,220598072,194384528,20127574
United States,2021-10-29,"Johnson&Johnson, Moderna, Pfizer/BioNTech",https://data.cdc.gov/Vaccinations/COVID-19-Vaccination-Trends-in-the-United-States-N/rh2h-3yt2,427668851,220928757,194620815,21337723
United States,2021-10-30,"Johnson&Johnson, Moderna, Pfizer/BioNTech",https://data.cdc.gov/Vaccinations/COVID-19-Vaccination-Trends-in-the-United-States-N/rh2h-3yt2,428481244,221098542,194739145,21868621
United States,2021-10-31,"Johnson&Johnson, Moderna, Pfizer/BioNTech",https://data.cdc.gov/Vaccinations/COVID-19-Vaccination-Trends-in-the-United-States-N/rh2h-3yt2,428914800,221200896,194809166,22132295
United States,2021-11-01,"Johnson&Johnson, Moderna, Pfizer/BioNTech",https://data.cdc.gov/Vaccinations/COVID-19-Vaccination-Trends-in-the-United-States-N/rh2h-3yt2,430352117,221487932,195002769,23096559
United States,2021-11-02,"Johnson&Johnson, Moderna, Pfizer/BioNTech",https://data.cdc.gov/Vaccinations/COVID-19-Vaccination-Trends-in-the-United-States-N/rh2h-3yt2,431836732,221775242,195190039,24118676
United States,2021-11-03,"Johnson&Johnson, Moderna, Pfizer/BioNTech",https://data.cdc.gov/Vaccinations/COVID-19-Vaccination-Trends-in-the-United-States-N/rh2h-3yt2,433377512,222088005,195380483,25169141
United States,2021-11-04,"Johnson&Johnson, Moderna, Pfizer/BioNTech",https://data.cdc.gov/Vaccinations/COVID-19-Vaccination-Trends-in-the-United-States-N/rh2h-3yt2,434993117,222439575,195571803,26252776
United States,2021-11-05,"Johnson&Johnson, Moderna, Pfizer/BioNTech",https://data.cdc.gov/Vaccinations/COVID-19-Vaccination-Trends-in-the-United-States-N/rh2h-3yt2,436881486,222895019,195799129,27471760
United States,2021-11-06,"Johnson&Johnson, Moderna, Pfizer/BioNTech",https://data.cdc.gov/Vaccinations/COVID-19-Vaccination-Trends-in-the-United-States-N/rh2h-3yt2,437906277,223285782,195915673,27995668
United States,2021-11-07,"Johnson&Johnson, Moderna, Pfizer/BioNTech",https://data.cdc.gov/Vaccinations/COVID-19-Vaccination-Trends-in-the-United-States-N/rh2h-3yt2,438456317,223514471,195985588,28251496
United States,2021-11-08,"Johnson&Johnson, Moderna, Pfizer/BioNTech",https://data.cdc.gov/Vaccinations/COVID-19-Vaccination-Trends-in-the-United-States-N/rh2h-3yt2,439902184,223986910,196157206,29064545
United States,2021-11-09,"Johnson&Johnson, Moderna, Pfizer/BioNTech",https://data.cdc.gov/Vaccinations/COVID-19-Vaccination-Trends-in-the-United-States-N/rh2h-3yt2,441520000,224510747,196322137,30002144
United States,2021-11-10,"Johnson&Johnson, Moderna, Pfizer/BioNTech",https://data.cdc.gov/Vaccinations/COVID-19-Vaccination-Trends-in-the-United-States-N/rh2h-3yt2,443265596,225084417,196491002,31013164
United States,2021-11-11,"Johnson&Johnson, Moderna, Pfizer/BioNTech",https://data.cdc.gov/Vaccinations/COVID-19-Vaccination-Trends-in-the-United-States-N/rh2h-3yt2,444848839,225634283,196643504,31901226
United States,2021-11-12,"Johnson&Johnson, Moderna, Pfizer/BioNTech",https://data.cdc.gov/Vaccinations/COVID-19-Vaccination-Trends-in-the-United-States-N/rh2h-3yt2,446816644,226273830,196841599,33041407
United States,2021-11-13,"Johnson&Johnson, Moderna, Pfizer/BioNTech",https://data.cdc.gov/Vaccinations/COVID-19-Vaccination-Trends-in-the-United-States-N/rh2h-3yt2,447979820,226807043,196943767,33571926
United States,2021-11-14,"Johnson&Johnson, Moderna, Pfizer/BioNTech",https://data.cdc.gov/Vaccinations/COVID-19-Vaccination-Trends-in-the-United-States-N/rh2h-3yt2,448553650,227047875,197003969,33847374
United States,2021-11-15,"Johnson&Johnson, Moderna, Pfizer/BioNTech",https://data.cdc.gov/Vaccinations/COVID-19-Vaccination-Trends-in-the-United-States-N/rh2h-3yt2,450085139,227509656,197169745,34759802
United States,2021-11-16,"Johnson&Johnson, Moderna, Pfizer/BioNTech",https://data.cdc.gov/Vaccinations/COVID-19-Vaccination-Trends-in-the-United-States-N/rh2h-3yt2,451746330,227999007,197335562,35775661
United States,2021-11-17,"Johnson&Johnson, Moderna, Pfizer/BioNTech",https://data.cdc.gov/Vaccinations/COVID-19-Vaccination-Trends-in-the-United-States-N/rh2h-3yt2,453483599,228506348,197506439,36843880
United States,2021-11-18,"Johnson&Johnson, Moderna, Pfizer/BioNTech",https://data.cdc.gov/Vaccinations/COVID-19-Vaccination-Trends-in-the-United-States-N/rh2h-3yt2,455248326,229013543,197676468,37940580
United States,2021-11-19,"Johnson&Johnson, Moderna, Pfizer/BioNTech",https://data.cdc.gov/Vaccinations/COVID-19-Vaccination-Trends-in-the-United-States-N/rh2h-3yt2,457296417,229597263,197869773,39220922
United States,2021-11-20,"Johnson&Johnson, Moderna, Pfizer/BioNTech",https://data.cdc.gov/Vaccinations/COVID-19-Vaccination-Trends-in-the-United-States-N/rh2h-3yt2,458516425,230056525,197969866,39885442
United States,2021-11-21,"Johnson&Johnson, Moderna, Pfizer/BioNTech",https://data.cdc.gov/Vaccinations/COVID-19-Vaccination-Trends-in-the-United-States-N/rh2h-3yt2,459153067,230263783,198029453,40257567
United States,2021-11-22,"Johnson&Johnson, Moderna, Pfizer/BioNTech",https://data.cdc.gov/Vaccinations/COVID-19-Vaccination-Trends-in-the-United-States-N/rh2h-3yt2,460943090,230754293,198199156,41394838
United States,2021-11-23,"Johnson&Johnson, Moderna, Pfizer/BioNTech",https://data.cdc.gov/Vaccinations/COVID-19-Vaccination-Trends-in-the-United-States-N/rh2h-3yt2,462710974,231245836,198363399,42515269
United States,2021-11-24,"Johnson&Johnson, Moderna, Pfizer/BioNTech",https://data.cdc.gov/Vaccinations/COVID-19-Vaccination-Trends-in-the-United-States-N/rh2h-3yt2,464077439,231649012,198515471,43334918
United States,2021-11-25,"Johnson&Johnson, Moderna, Pfizer/BioNTech",https://data.cdc.gov/Vaccinations/COVID-19-Vaccination-Trends-in-the-United-States-N/rh2h-3yt2,464103191,231657247,198520082,43347819
United States,2021-11-26,"Johnson&Johnson, Moderna, Pfizer/BioNTech",https://data.cdc.gov/Vaccinations/COVID-19-Vaccination-Trends-in-the-United-States-N/rh2h-3yt2,465293473,231970794,198693901,44055383
United States,2021-11-27,"Johnson&Johnson, Moderna, Pfizer/BioNTech",https://data.cdc.gov/Vaccinations/COVID-19-Vaccination-Trends-in-the-United-States-N/rh2h-3yt2,466173942,232191853,198890126,44521873
United States,2021-11-28,"Johnson&Johnson, Moderna, Pfizer/BioNTech",https://data.cdc.gov/Vaccinations/COVID-19-Vaccination-Trends-in-the-United-States-N/rh2h-3yt2,466754669,232334885,199035533,44816102
United States,2021-11-29,"Johnson&Johnson, Moderna, Pfizer/BioNTech",https://data.cdc.gov/Vaccinations/COVID-19-Vaccination-Trends-in-the-United-States-N/rh2h-3yt2,468393176,232690321,199392019,45751223
United States,2021-11-30,"Johnson&Johnson, Moderna, Pfizer/BioNTech",https://data.cdc.gov/Vaccinations/COVID-19-Vaccination-Trends-in-the-United-States-N/rh2h-3yt2,470286991,233096391,199778147,46862295
United States,2021-12-01,"Johnson&Johnson, Moderna, Pfizer/BioNTech",https://data.cdc.gov/Vaccinations/COVID-19-Vaccination-Trends-in-the-United-States-N/rh2h-3yt2,472396839,233555172,200181536,48116888
United States,2021-12-02,"Johnson&Johnson, Moderna, Pfizer/BioNTech",https://data.cdc.gov/Vaccinations/COVID-19-Vaccination-Trends-in-the-United-States-N/rh2h-3yt2,474521825,234002746,200570250,49413777
United States,2021-12-03,"Johnson&Johnson, Moderna, Pfizer/BioNTech",https://data.cdc.gov/Vaccinations/COVID-19-Vaccination-Trends-in-the-United-States-N/rh2h-3yt2,476917525,234489313,201053949,50846506
United States,2021-12-04,"Johnson&Johnson, Moderna, Pfizer/BioNTech",https://data.cdc.gov/Vaccinations/COVID-19-Vaccination-Trends-in-the-United-States-N/rh2h-3yt2,478374767,234791153,201498440,51559614
United States,2021-12-05,"Johnson&Johnson, Moderna, Pfizer/BioNTech",https://data.cdc.gov/Vaccinations/COVID-19-Vaccination-Trends-in-the-United-States-N/rh2h-3yt2,479092082,234956637,201685269,51925883
United States,2021-12-06,"Johnson&Johnson, Moderna, Pfizer/BioNTech",https://data.cdc.gov/Vaccinations/COVID-19-Vaccination-Trends-in-the-United-States-N/rh2h-3yt2,480889881,235347002,202004996,53017319
United States,2021-12-07,"Johnson&Johnson, Moderna, Pfizer/BioNTech",https://data.cdc.gov/Vaccinations/COVID-19-Vaccination-Trends-in-the-United-States-N/rh2h-3yt2,482766162,235749265,202341234,54159423
United States,2021-12-08,"Johnson&Johnson, Moderna, Pfizer/BioNTech",https://data.cdc.gov/Vaccinations/COVID-19-Vaccination-Trends-in-the-United-States-N/rh2h-3yt2,484656281,236156372,202688033,55301009
United States,2021-12-09,"Johnson&Johnson, Moderna, Pfizer/BioNTech",https://data.cdc.gov/Vaccinations/COVID-19-Vaccination-Trends-in-the-United-States-N/rh2h-3yt2,486542381,236559970,203020733,56454846
United States,2021-12-10,"Johnson&Johnson, Moderna, Pfizer/BioNTech",https://data.cdc.gov/Vaccinations/COVID-19-Vaccination-Trends-in-the-United-States-N/rh2h-3yt2,488606997,236983071,203409282,57711670
United States,2021-12-11,"Johnson&Johnson, Moderna, Pfizer/BioNTech",https://data.cdc.gov/Vaccinations/COVID-19-Vaccination-Trends-in-the-United-States-N/rh2h-3yt2,489841647,237248957,203738331,58351665
United States,2021-12-12,"Johnson&Johnson, Moderna, Pfizer/BioNTech",https://data.cdc.gov/Vaccinations/COVID-19-Vaccination-Trends-in-the-United-States-N/rh2h-3yt2,490461309,237401270,203864781,58694314
United States,2021-12-13,"Johnson&Johnson, Moderna, Pfizer/BioNTech",https://data.cdc.gov/Vaccinations/COVID-19-Vaccination-Trends-in-the-United-States-N/rh2h-3yt2,492049485,237748554,204138289,59665934
United States,2021-12-14,"Johnson&Johnson, Moderna, Pfizer/BioNTech",https://data.cdc.gov/Vaccinations/COVID-19-Vaccination-Trends-in-the-United-States-N/rh2h-3yt2,493733447,238114846,204419536,60707849
United States,2021-12-15,"Johnson&Johnson, Moderna, Pfizer/BioNTech",https://data.cdc.gov/Vaccinations/COVID-19-Vaccination-Trends-in-the-United-States-N/rh2h-3yt2,495415422,238491398,204675451,61762836
United States,2021-12-16,"Johnson&Johnson, Moderna, Pfizer/BioNTech",https://data.cdc.gov/Vaccinations/COVID-19-Vaccination-Trends-in-the-United-States-N/rh2h-3yt2,497069486,238879380,204842293,62868203
United States,2021-12-17,"Johnson&Johnson, Moderna, Pfizer/BioNTech",https://data.cdc.gov/Vaccinations/COVID-19-Vaccination-Trends-in-the-United-States-N/rh2h-3yt2,498963962,239311171,205090306,64084188
United States,2021-12-18,"Johnson&Johnson, Moderna, Pfizer/BioNTech",https://data.cdc.gov/Vaccinations/COVID-19-Vaccination-Trends-in-the-United-States-N/rh2h-3yt2,500067119,239598854,205250732,64739340
United States,2021-12-19,"Johnson&Johnson, Moderna, Pfizer/BioNTech",https://data.cdc.gov/Vaccinations/COVID-19-Vaccination-Trends-in-the-United-States-N/rh2h-3yt2,500697619,239768461,205331281,65119679
United States,2021-12-20,"Johnson&Johnson, Moderna, Pfizer/BioNTech",https://data.cdc.gov/Vaccinations/COVID-19-Vaccination-Trends-in-the-United-States-N/rh2h-3yt2,502501766,240209389,205553695,66261115
United States,2021-12-21,"Johnson&Johnson, Moderna, Pfizer/BioNTech",https://data.cdc.gov/Vaccinations/COVID-19-Vaccination-Trends-in-the-United-States-N/rh2h-3yt2,504431603,240675364,205791798,67486623
United States,2021-12-22,"Johnson&Johnson, Moderna, Pfizer/BioNTech",https://data.cdc.gov/Vaccinations/COVID-19-Vaccination-Trends-in-the-United-States-N/rh2h-3yt2,506255964,241121843,206026585,68630968
United States,2021-12-23,"Johnson&Johnson, Moderna, Pfizer/BioNTech",https://data.cdc.gov/Vaccinations/COVID-19-Vaccination-Trends-in-the-United-States-N/rh2h-3yt2,507686604,241489683,206201489,69520053
United States,2021-12-24,"Johnson&Johnson, Moderna, Pfizer/BioNTech",https://data.cdc.gov/Vaccinations/COVID-19-Vaccination-Trends-in-the-United-States-N/rh2h-3yt2,508060931,241593874,206257245,69735723
United States,2021-12-25,"Johnson&Johnson, Moderna, Pfizer/BioNTech",https://data.cdc.gov/Vaccinations/COVID-19-Vaccination-Trends-in-the-United-States-N/rh2h-3yt2,508066957,241595845,206258115,69738897
United States,2021-12-26,"Johnson&Johnson, Moderna, Pfizer/BioNTech",https://data.cdc.gov/Vaccinations/COVID-19-Vaccination-Trends-in-the-United-States-N/rh2h-3yt2,508538570,241728474,206339823,69996042
United States,2021-12-27,"Johnson&Johnson, Moderna, Pfizer/BioNTech",https://data.cdc.gov/Vaccinations/COVID-19-Vaccination-Trends-in-the-United-States-N/rh2h-3yt2,510033761,242122818,206564979,70872829
United States,2021-12-28,"Johnson&Johnson, Moderna, Pfizer/BioNTech",https://data.cdc.gov/Vaccinations/COVID-19-Vaccination-Trends-in-the-United-States-N/rh2h-3yt2,511686629,242556522,206801469,71856847
United States,2021-12-29,"Johnson&Johnson, Moderna, Pfizer/BioNTech",https://data.cdc.gov/Vaccinations/COVID-19-Vaccination-Trends-in-the-United-States-N/rh2h-3yt2,513321659,242990839,207033732,72826617
United States,2021-12-30,"Johnson&Johnson, Moderna, Pfizer/BioNTech",https://data.cdc.gov/Vaccinations/COVID-19-Vaccination-Trends-in-the-United-States-N/rh2h-3yt2,514814773,243392139,207243915,73710192
United States,2021-12-31,"Johnson&Johnson, Moderna, Pfizer/BioNTech",https://data.cdc.gov/Vaccinations/COVID-19-Vaccination-Trends-in-the-United-States-N/rh2h-3yt2,515409436,243553799,207335322,74052710
United States,2022-01-01,"Johnson&Johnson, Moderna, Pfizer/BioNTech",https://data.cdc.gov/Vaccinations/COVID-19-Vaccination-Trends-in-the-United-States-N/rh2h-3yt2,515506854,243586742,207350760,74101724
United States,2022-01-02,"Johnson&Johnson, Moderna, Pfizer/BioNTech",https://data.cdc.gov/Vaccinations/COVID-19-Vaccination-Trends-in-the-United-States-N/rh2h-3yt2,515994870,243724293,207439650,74363728
United States,2022-01-03,"Johnson&Johnson, Moderna, Pfizer/BioNTech",https://data.cdc.gov/Vaccinations/COVID-19-Vaccination-Trends-in-the-United-States-N/rh2h-3yt2,517204194,244066204,207631530,75042201
United States,2022-01-04,"Johnson&Johnson, Moderna, Pfizer/BioNTech",https://data.cdc.gov/Vaccinations/COVID-19-Vaccination-Trends-in-the-United-States-N/rh2h-3yt2,518583278,244439395,207841289,75841222
United States,2022-01-05,"Johnson&Johnson, Moderna, Pfizer/BioNTech",https://data.cdc.gov/Vaccinations/COVID-19-Vaccination-Trends-in-the-United-States-N/rh2h-3yt2,519991079,244819651,208048889,76664317
United States,2022-01-06,"Johnson&Johnson, Moderna, Pfizer/BioNTech",https://data.cdc.gov/Vaccinations/COVID-19-Vaccination-Trends-in-the-United-States-N/rh2h-3yt2,521411264,245190720,208256391,77508269
United States,2022-01-07,"Johnson&Johnson, Moderna, Pfizer/BioNTech",https://data.cdc.gov/Vaccinations/COVID-19-Vaccination-Trends-in-the-United-States-N/rh2h-3yt2,523002876,245590317,208494804,78463525
United States,2022-01-08,"Johnson&Johnson, Moderna, Pfizer/BioNTech",https://data.cdc.gov/Vaccinations/COVID-19-Vaccination-Trends-in-the-United-States-N/rh2h-3yt2,524022581,245865168,208665233,79038663
United States,2022-01-09,"Johnson&Johnson, Moderna, Pfizer/BioNTech",https://data.cdc.gov/Vaccinations/COVID-19-Vaccination-Trends-in-the-United-States-N/rh2h-3yt2,524508366,246008088,208738255,79309091
United States,2022-01-10,"Johnson&Johnson, Moderna, Pfizer/BioNTech",https://data.cdc.gov/Vaccinations/COVID-19-Vaccination-Trends-in-the-United-States-N/rh2h-3yt2,525730698,246338872,208923776,80018166
United States,2022-01-11,"Johnson&Johnson, Moderna, Pfizer/BioNTech",https://data.cdc.gov/Vaccinations/COVID-19-Vaccination-Trends-in-the-United-States-N/rh2h-3yt2,527001072,246678421,209120327,80754592
United States,2022-01-12,"Johnson&Johnson, Moderna, Pfizer/BioNTech",https://data.cdc.gov/Vaccinations/COVID-19-Vaccination-Trends-in-the-United-States-N/rh2h-3yt2,528269555,247018369,209315341,81490809
United States,2022-01-13,"Johnson&Johnson, Moderna, Pfizer/BioNTech",https://data.cdc.gov/Vaccinations/COVID-19-Vaccination-Trends-in-the-United-States-N/rh2h-3yt2,529515220,247353313,209498628,82219539
United States,2022-01-14,"Johnson&Johnson, Moderna, Pfizer/BioNTech",https://data.cdc.gov/Vaccinations/COVID-19-Vaccination-Trends-in-the-United-States-N/rh2h-3yt2,530936018,247731619,209668555,83092135
United States,2022-01-15,"Johnson&Johnson, Moderna, Pfizer/BioNTech",https://data.cdc.gov/Vaccinations/COVID-19-Vaccination-Trends-in-the-United-States-N/rh2h-3yt2,531700652,247956891,209753334,83546348
United States,2022-01-16,"Johnson&Johnson, Moderna, Pfizer/BioNTech",https://data.cdc.gov/Vaccinations/COVID-19-Vaccination-Trends-in-the-United-States-N/rh2h-3yt2,532081318,248063165,209809725,83764056
United States,2022-01-17,"Johnson&Johnson, Moderna, Pfizer/BioNTech",https://data.cdc.gov/Vaccinations/COVID-19-Vaccination-Trends-in-the-United-States-N/rh2h-3yt2,532883250,248279587,209945833,84212607
United States,2022-01-18,"Johnson&Johnson, Moderna, Pfizer/BioNTech",https://data.cdc.gov/Vaccinations/COVID-19-Vaccination-Trends-in-the-United-States-N/rh2h-3yt2,533845184,248535532,210127460,84735942
United States,2022-01-19,"Johnson&Johnson, Moderna, Pfizer/BioNTech",https://data.cdc.gov/Vaccinations/COVID-19-Vaccination-Trends-in-the-United-States-N/rh2h-3yt2,534785764,248790321,210306931,85241308
United States,2022-01-20,"Johnson&Johnson, Moderna, Pfizer/BioNTech",https://data.cdc.gov/Vaccinations/COVID-19-Vaccination-Trends-in-the-United-States-N/rh2h-3yt2,535680487,249032080,210476585,85723278
United States,2022-01-21,"Johnson&Johnson, Moderna, Pfizer/BioNTech",https://data.cdc.gov/Vaccinations/COVID-19-Vaccination-Trends-in-the-United-States-N/rh2h-3yt2,536712266,249311519,210631136,86319211
United States,2022-01-22,"Johnson&Johnson, Moderna, Pfizer/BioNTech",https://data.cdc.gov/Vaccinations/COVID-19-Vaccination-Trends-in-the-United-States-N/rh2h-3yt2,537307623,249486116,210710226,86659490
United States,2022-01-23,"Johnson&Johnson, Moderna, Pfizer/BioNTech",https://data.cdc.gov/Vaccinations/COVID-19-Vaccination-Trends-in-the-United-States-N/rh2h-3yt2,537628954,249578754,210772333,86825610
United States,2022-01-24,"Johnson&Johnson, Moderna, Pfizer/BioNTech",https://data.cdc.gov/Vaccinations/COVID-19-Vaccination-Trends-in-the-United-States-N/rh2h-3yt2,538389969,249783510,210926374,87226055
United States,2022-01-25,"Johnson&Johnson, Moderna, Pfizer/BioNTech",https://data.cdc.gov/Vaccinations/COVID-19-Vaccination-Trends-in-the-United-States-N/rh2h-3yt2,539154879,249987051,211094975,87616933
United States,2022-01-26,"Johnson&Johnson, Moderna, Pfizer/BioNTech",https://data.cdc.gov/Vaccinations/COVID-19-Vaccination-Trends-in-the-United-States-N/rh2h-3yt2,539909587,250187320,211266984,87997560
United States,2022-01-27,"Johnson&Johnson, Moderna, Pfizer/BioNTech",https://data.cdc.gov/Vaccinations/COVID-19-Vaccination-Trends-in-the-United-States-N/rh2h-3yt2,540658903,250384064,211434700,88379500
United States,2022-01-28,"Johnson&Johnson, Moderna, Pfizer/BioNTech",https://data.cdc.gov/Vaccinations/COVID-19-Vaccination-Trends-in-the-United-States-N/rh2h-3yt2,541564753,250611953,211634846,88852560
United States,2022-01-29,"Johnson&Johnson, Moderna, Pfizer/BioNTech",https://data.cdc.gov/Vaccinations/COVID-19-Vaccination-Trends-in-the-United-States-N/rh2h-3yt2,542012868,250733205,211741269,89070593
United States,2022-01-30,"Johnson&Johnson, Moderna, Pfizer/BioNTech",https://data.cdc.gov/Vaccinations/COVID-19-Vaccination-Trends-in-the-United-States-N/rh2h-3yt2,542267409,250805239,211805801,89187391
United States,2022-01-31,"Johnson&Johnson, Moderna, Pfizer/BioNTech",https://data.cdc.gov/Vaccinations/COVID-19-Vaccination-Trends-in-the-United-States-N/rh2h-3yt2,542867964,250964826,211957212,89474239
United States,2022-02-01,"Johnson&Johnson, Moderna, Pfizer/BioNTech",https://data.cdc.gov/Vaccinations/COVID-19-Vaccination-Trends-in-the-United-States-N/rh2h-3yt2,543440905,251110635,212108787,89746365
United States,2022-02-02,"Johnson&Johnson, Moderna, Pfizer/BioNTech",https://data.cdc.gov/Vaccinations/COVID-19-Vaccination-Trends-in-the-United-States-N/rh2h-3yt2,543976275,251248786,212255528,89992917
United States,2022-02-03,"Johnson&Johnson, Moderna, Pfizer/BioNTech",https://data.cdc.gov/Vaccinations/COVID-19-Vaccination-Trends-in-the-United-States-N/rh2h-3yt2,544465217,251375317,212388593,90219510
United States,2022-02-04,"Johnson&Johnson, Moderna, Pfizer/BioNTech",https://data.cdc.gov/Vaccinations/COVID-19-Vaccination-Trends-in-the-United-States-N/rh2h-3yt2,545084528,251526359,212564245,90508382
United States,2022-02-05,"Johnson&Johnson, Moderna, Pfizer/BioNTech",https://data.cdc.gov/Vaccinations/COVID-19-Vaccination-Trends-in-the-United-States-N/rh2h-3yt2,545500994,251633883,212690995,90687892
United States,2022-02-06,"Johnson&Johnson, Moderna, Pfizer/BioNTech",https://data.cdc.gov/Vaccinations/COVID-19-Vaccination-Trends-in-the-United-States-N/rh2h-3yt2,545704828,251693023,212748742,90773516
United States,2022-02-07,"Johnson&Johnson, Moderna, Pfizer/BioNTech",https://data.cdc.gov/Vaccinations/COVID-19-Vaccination-Trends-in-the-United-States-N/rh2h-3yt2,546158852,251816465,212873822,90974711
United States,2022-02-08,"Johnson&Johnson, Moderna, Pfizer/BioNTech",https://data.cdc.gov/Vaccinations/COVID-19-Vaccination-Trends-in-the-United-States-N/rh2h-3yt2,546627159,251937251,213010482,91181122
United States,2022-02-09,"Johnson&Johnson, Moderna, Pfizer/BioNTech",https://data.cdc.gov/Vaccinations/COVID-19-Vaccination-Trends-in-the-United-States-N/rh2h-3yt2,547101946,252060754,213146977,91391921
United States,2022-02-10,"Johnson&Johnson, Moderna, Pfizer/BioNTech",https://data.cdc.gov/Vaccinations/COVID-19-Vaccination-Trends-in-the-United-States-N/rh2h-3yt2,547571621,252182695,213277667,91604721
United States,2022-02-11,"Johnson&Johnson, Moderna, Pfizer/BioNTech",https://data.cdc.gov/Vaccinations/COVID-19-Vaccination-Trends-in-the-United-States-N/rh2h-3yt2,548149186,252327601,213439755,91869867
United States,2022-02-12,"Johnson&Johnson, Moderna, Pfizer/BioNTech",https://data.cdc.gov/Vaccinations/COVID-19-Vaccination-Trends-in-the-United-States-N/rh2h-3yt2,548474749,252416405,213535558,92007765
United States,2022-02-13,"Johnson&Johnson, Moderna, Pfizer/BioNTech",https://data.cdc.gov/Vaccinations/COVID-19-Vaccination-Trends-in-the-United-States-N/rh2h-3yt2,548618296,252457542,213578978,92065063
United States,2022-02-14,"Johnson&Johnson, Moderna, Pfizer/BioNTech",https://data.cdc.gov/Vaccinations/COVID-19-Vaccination-Trends-in-the-United-States-N/rh2h-3yt2,548931234,252540542,213668415,92201529
United States,2022-02-15,"Johnson&Johnson, Moderna, Pfizer/BioNTech",https://data.cdc.gov/Vaccinations/COVID-19-Vaccination-Trends-in-the-United-States-N/rh2h-3yt2,549288284,252631842,213772117,92358853
United States,2022-02-16,"Johnson&Johnson, Moderna, Pfizer/BioNTech",https://data.cdc.gov/Vaccinations/COVID-19-Vaccination-Trends-in-the-United-States-N/rh2h-3yt2,549635787,252719287,213870855,92515581
United States,2022-02-17,"Johnson&Johnson, Moderna, Pfizer/BioNTech",https://data.cdc.gov/Vaccinations/COVID-19-Vaccination-Trends-in-the-United-States-N/rh2h-3yt2,549883854,252779672,213937307,92633211
United States,2022-02-18,"Johnson&Johnson, Moderna, Pfizer/BioNTech",https://data.cdc.gov/Vaccinations/COVID-19-Vaccination-Trends-in-the-United-States-N/rh2h-3yt2,549939423,252791817,213949978,92663055
United States,2022-02-19,"Johnson&Johnson, Moderna, Pfizer/BioNTech",https://data.cdc.gov/Vaccinations/COVID-19-Vaccination-Trends-in-the-United-States-N/rh2h-3yt2,549939423,252791817,213949978,92663055
